scheme_id,fund_name,category,return_1y,return_3y,return_5y,return_10y,return_inception,sip_return_1y,sip_return_3y,sip_return_5y,rolling_avg_1y,rolling_avg_3y,rolling_avg_5y,sharpe_3y,sortino_3y,volatility_3y,max_drawdown,calmar_3y,var_95,upside_capture,downside_capture,alpha_3y,beta_3y,r_squared_3y,treynor_ratio,information_ratio,pct_pos_1y,pct_pos_3y,nav_latest,nav_date,inception_date,history_years,expert_score,category_rank,category_total,percentile_rank
120819,quant Aggressive Hybrid Fund-Growth Option-Direct Plan,Aggressive Hybrid,7.74,13.04,12.37,15.84,16.21,6.61,7.91,11.44,19.97,17.88,18.04,0.61,0.79,13.12,-28.69,0.45,-1.33,72.7,85.9,8.27,0.813,0.679,0.0981,0.85,87.0,99.6,498.8597,29-Sep-2026,07-Jan-2013,13.7,67.1,1,31,3.2
120700,ICICI Prudential Aggressive Hybrid Active FOF - Direct Plan - Growth,Aggressive Hybrid,-0.14,12.89,12.71,15.04,14.98,-1.97,6.38,11.89,17.91,17.24,17.8,0.75,1.01,10.23,-35.74,0.36,-1.07,62.3,79.8,9.42,0.702,0.789,0.109,1.18,90.0,96.7,237.7835,28-Sep-2026,05-Apr-2013,13.5,66.1,2,31,6.5
140382,Bandhan Aggressive Hybrid Fund-Direct Plan Growth,Aggressive Hybrid,6.25,13.78,11.26,12.04,12.38,4.42,9.48,12.19,13.34,13.83,14.4,0.71,0.84,11.88,-31.55,0.44,-1.22,74.4,86.2,8.74,0.826,0.844,0.1039,1.37,86.4,94.9,31.213,29-Sep-2026,02-Jan-2017,9.7,64.3,3,31,9.7
118624,Edelweiss Aggressive Hybrid Fund-Direct Plan-Growth Option,Aggressive Hybrid,1.33,12.32,12.82,13.12,13.54,-0.55,5.77,11.47,15.82,14.72,14.35,0.64,0.78,10.71,-28.6,0.43,-1.07,64.0,82.4,7.66,0.758,0.883,0.091,1.17,92.0,99.8,73.93,29-Sep-2026,08-Jan-2013,13.7,64.2,4,31,12.9
147446,Mahindra Manulife Aggressive Hybrid Fund - Direct Plan -Growth,Aggressive Hybrid,-2.8,10.99,10.97,11.35,16.13,-5.6,3.44,9.66,19.78,19.36,,0.51,0.66,10.75,-25.41,0.43,-1.06,66.8,85.0,6.25,0.771,0.909,0.0715,1.01,96.3,100.0,29.3055,29-Sep-2026,23-Jul-2019,7.2,63.2,5,31,16.1
133035,Kotak Aggressive Hybrid Fund - Direct Plan -Growth,Aggressive Hybrid,2.08,12.09,11.46,12.98,12.76,0.66,6.55,10.81,14.43,14.64,14.92,0.58,0.72,11.77,-32.14,0.38,-1.22,69.1,85.1,7.26,0.799,0.814,0.085,0.98,89.5,98.1,75.081,29-Sep-2026,07-Nov-2014,11.9,62.5,6,31,19.4
120484,JM Aggressive Hybrid Fund (Direct) - Growth Option,Aggressive Hybrid,0.2,11.88,12.39,12.67,13.1,1.11,3.51,11.65,15.94,14.29,13.53,0.53,0.67,12.63,-36.57,0.32,-1.41,72.2,86.6,6.98,0.824,0.752,0.0813,0.83,80.2,96.8,136.3927,29-Sep-2026,03-Jan-2013,13.7,61.9,7,31,22.6
143163,Navi Aggressive Hybrid Fund - Direct Plan - Growth,Aggressive Hybrid,8.31,12.19,11.13,9.79,11.74,10.1,9.45,11.71,13.15,14.5,14.33,0.6,0.79,11.53,-30.65,0.4,-1.18,64.1,82.5,7.73,0.744,0.735,0.0923,0.83,93.5,100.0,25.4548,29-Sep-2026,02-May-2018,8.4,61.3,8,31,25.8
129200,HSBC Aggressive Hybrid Active FOF - Growth Direct,Aggressive Hybrid,6.91,11.93,10.28,11.67,12.82,6.65,7.5,10.92,12.73,12.82,12.39,0.58,0.73,11.49,-31.06,0.38,-1.23,67.2,83.8,7.91,0.783,0.822,0.0856,1.11,84.5,97.4,44.7343,29-Sep-2026,05-May-2014,12.4,60.4,9,31,29.0
134813,Mirae Asset Aggressive Hybrid Fund - Direct Plan - Growth,Aggressive Hybrid,2.95,10.65,9.55,12.86,12.82,-0.19,5.84,9.53,14.89,14.38,14.79,0.48,0.6,10.84,-29.0,0.37,-1.07,66.5,85.2,5.87,0.779,0.911,0.0664,0.96,95.7,100.0,38.49,29-Sep-2026,30-Jul-2015,11.2,59.8,10,31,32.3
151122,HSBC Aggressive Hybrid Fund - Direct Growth,Aggressive Hybrid,5.18,12.51,10.27,5.01,13.59,6.51,8.4,11.09,16.26,,,0.55,0.66,13.61,-19.59,0.64,-1.45,73.2,86.5,7.56,0.848,0.686,0.0884,0.79,98.6,100.0,67.0587,29-Sep-2026,28-Nov-2022,3.8,59.5,11,31,35.5
118485,Bandhan Aggressive Hybrid Passive FOF - Direct Plan - Growth,Aggressive Hybrid,5.93,11.69,9.6,9.96,10.42,2.9,7.04,10.16,12.04,11.12,10.57,0.6,0.76,10.55,-28.96,0.4,-1.14,57.9,78.5,7.82,0.703,0.735,0.0917,0.84,86.0,97.7,51.9407,29-Sep-2026,02-Jan-2013,13.7,57.9,12,31,38.7
132185,Aditya Birla Sun Life Aggressive Hybrid Omni FOF- Direct Plan - Growth Option,Aggressive Hybrid,2.39,10.17,9.56,10.18,10.4,0.79,5.51,9.18,10.96,11.31,11.26,0.51,0.63,9.11,-17.3,0.59,-0.95,45.7,71.4,6.73,0.619,0.774,0.0757,0.61,95.1,100.0,46.0716,29-Sep-2026,13-Oct-2014,12.0,57.3,13,31,41.9
120261,LIC MF Aggressive Hybrid Fund-Direct Plan-Growth,Aggressive Hybrid,4.53,11.45,9.01,9.74,10.29,6.03,6.93,9.76,11.44,10.39,10.18,0.53,0.66,11.56,-28.16,0.41,-1.18,68.3,85.3,6.74,0.779,0.803,0.0783,0.85,83.6,99.8,231.4265,29-Sep-2026,03-Jan-2013,13.7,57.0,14,31,45.2
148592,Union Aggressive Hybrid Fund - Direct Plan - Growth Option,Aggressive Hybrid,2.38,9.96,8.68,6.77,12.06,1.05,5.21,8.86,11.65,13.78,,0.41,0.51,10.8,-15.12,0.66,-1.08,62.7,83.8,5.3,0.762,0.879,0.0583,0.72,90.7,100.0,19.33,29-Sep-2026,28-Dec-2020,5.8,56.1,15,31,48.4
120674,UTI Aggressive Hybrid Fund -Direct Plan - Growth,Aggressive Hybrid,-0.7,9.92,10.2,11.28,12.1,-4.73,2.98,8.97,14.63,13.51,12.96,0.43,0.55,9.98,-32.44,0.31,-0.97,57.9,81.1,5.53,0.713,0.9,0.0605,0.69,86.2,96.4,425.1893,29-Sep-2026,02-Jan-2013,13.7,56.0,16,31,51.6
148685,SBI Retirement Benefit Fund - Aggressive Hybrid Plan - Direct Plan - Growth,Aggressive Hybrid,2.19,8.75,10.48,7.18,13.15,0.68,4.53,8.87,13.21,14.98,,0.28,0.37,10.91,-14.49,0.6,-1.09,63.2,85.1,4.11,0.764,0.856,0.0421,0.46,97.1,100.0,20.2436,29-Sep-2026,17-Feb-2021,5.6,56.0,16,31,51.6
150260,Baroda BNP Paribas Aggressive Hybrid Fund- DIRECT PLAN - GROWTH OPTION,Aggressive Hybrid,-0.4,10.35,10.3,5.02,11.39,-3.54,3.29,8.49,14.89,,,0.47,0.58,10.28,-12.91,0.8,-1.09,58.5,81.1,5.9,0.725,0.879,0.0662,0.75,96.8,100.0,31.4308,29-Sep-2026,14-Mar-2022,4.5,55.4,18,31,58.1
143537,Invesco India Aggressive Hybrid Fund - Direct Plan - Growth,Aggressive Hybrid,-5.94,10.2,9.06,8.88,10.88,-6.61,1.33,7.96,13.59,15.32,15.09,0.43,0.56,10.97,-28.42,0.36,-1.11,62.5,83.5,5.69,0.744,0.813,0.0635,0.65,82.0,100.0,23.4854,29-Sep-2026,04-Jul-2018,8.2,55.2,19,31,61.3
118794,Nippon India Aggressive Hybrid Fund  - Direct Plan Growth Plan,Aggressive Hybrid,-0.58,9.83,10.32,9.63,11.63,-3.19,3.78,9.12,14.65,12.59,11.43,0.41,0.52,10.57,-42.35,0.23,-1.08,63.5,84.3,5.16,0.76,0.914,0.0564,0.76,84.4,91.4,117.2945,29-Sep-2026,02-Jan-2013,13.7,54.6,20,31,64.5
118546,Franklin India Aggressive Hybrid Fund - Direct - Growth,Aggressive Hybrid,-2.16,8.96,8.97,11.0,13.1,-4.5,2.37,8.06,15.42,14.12,13.48,0.33,0.43,9.85,-27.82,0.32,-0.97,55.0,80.3,4.62,0.704,0.902,0.0468,0.5,88.4,98.8,299.4193,29-Sep-2026,01-Jan-2013,13.7,54.2,21,31,67.7
147689,Nippon India Aggressive Hybrid Fund - Segregated Portfolio 1 - Direct Plan - Growth Plan,Aggressive Hybrid,125.99,31.23,17.71,8.49,16.02,276.07,59.95,33.06,0.54,0.24,,0.64,,73.57,0.0,,0.0,34.2,-0.0,50.7,0.162,0.001,2.908,0.42,0.4,0.8,0.1261,21-Mar-2025,25-Sep-2019,5.5,54.2,21,31,67.7
119019,DSP Aggressive Hybrid Fund - Direct Plan - Growth,Aggressive Hybrid,-3.68,9.04,8.33,11.34,12.78,-6.17,2.41,8.02,15.73,14.62,14.08,0.34,0.46,9.8,-28.81,0.31,-0.94,52.5,78.6,4.86,0.681,0.854,0.0495,0.45,83.5,100.0,383.142,29-Sep-2026,02-Jan-2013,13.7,53.9,23,31,74.2
145228,HSBC Aggressive Hybrid Fund - Direct Growth,Aggressive Hybrid,1.08,13.56,11.27,5.48,13.98,6.25,13.97,13.74,15.49,,,0.55,0.61,15.81,-27.9,0.49,-1.44,45.1,88.7,1.93,0.695,0.965,0.126,-0.47,80.2,100.0,16.7649,25-Nov-2022,26-Oct-2018,4.1,51.8,24,31,77.4
149601,Sundaram Aggressive Hybrid Fund (Formerly Known as Principal Hybrid Equity Fund)- Direct Plan - Growth Option,Aggressive Hybrid,-2.53,8.44,7.51,3.69,7.94,-5.2,2.09,6.83,12.13,13.15,,0.27,0.36,10.16,-13.13,0.64,-1.03,58.3,82.8,3.98,0.726,0.902,0.0384,0.42,91.3,100.0,179.0599,29-Sep-2026,03-Jan-2022,4.7,51.4,25,31,80.6
144394,Axis Aggressive Hybrid Fund - Direct Plan - Growth Option,Aggressive Hybrid,0.54,8.86,6.35,8.38,10.42,-1.56,4.03,6.96,12.89,13.24,13.03,0.3,0.4,10.33,-28.01,0.32,-1.07,63.0,85.0,4.29,0.742,0.902,0.0436,0.51,83.9,100.0,22.38,29-Sep-2026,16-Aug-2018,8.1,50.8,26,31,83.9
145599,Groww Aggressive Hybrid Fund (formerly known as Indiabulls Equity Hybrid Fund) - Direct Plan - Growth option,Aggressive Hybrid,-2.88,8.23,7.71,8.43,10.94,-5.12,1.5,6.5,13.09,14.16,14.37,0.25,0.32,10.6,-28.19,0.29,-1.06,62.3,85.1,3.54,0.765,0.921,0.0343,0.43,87.9,100.0,22.4922,29-Sep-2026,14-Dec-2018,7.8,50.7,27,31,87.1
125711,Shriram Aggressive Hybrid Fund- Direct Growth,Aggressive Hybrid,0.45,8.55,7.48,9.5,10.51,-2.68,2.2,6.97,11.15,11.04,10.82,0.27,0.32,11.01,-25.72,0.33,-1.07,56.1,81.3,4.18,0.729,0.774,0.0413,0.35,85.1,99.8,35.9672,29-Sep-2026,06-Dec-2013,12.8,49.8,28,31,90.3
119053,Tata Aggressive Hybrid Fund -Direct Plan- Growth Option,Aggressive Hybrid,-1.72,7.42,7.75,9.5,12.06,-5.08,1.6,6.38,14.52,12.82,12.28,0.17,0.21,10.48,-28.85,0.26,-1.06,61.3,85.3,2.79,0.757,0.921,0.0233,0.25,88.0,97.9,477.3192,29-Sep-2026,02-Jan-2013,13.7,49.3,29,31,93.5
138386,PGIM India Aggressive Hybrid Equity Fund - Direct Plan - Growth,Aggressive Hybrid,-2.51,8.71,6.55,9.26,10.29,-3.63,3.05,6.97,11.22,11.05,11.72,0.31,0.42,9.92,-31.22,0.28,-0.97,56.1,81.2,4.51,0.687,0.847,0.0444,0.4,81.6,97.0,151.31,29-Sep-2026,08-Mar-2016,10.6,49.1,30,31,96.8
154392,WhiteOak Capital Aggressive Hybrid Fund Direct Plan Growth,Aggressive Hybrid,0.45,0.15,0.09,0.04,,,,,,,,-0.57,-0.68,7.75,-3.9,0.04,-1.07,72.0,70.2,17.3,0.671,0.805,-0.0656,4.71,,,10.127,29-Sep-2026,01-Jul-2026,0.2,29.2,31,31,100.0
148026,Sundaram Balanced Advantage Fund Direct Plan - Growth,Balanced Advantage,17.08,14.83,8.65,4.24,25.72,15.2,22.19,22.19,28.31,,,2.4,3.01,8.39,-4.81,3.08,-0.84,18.0,63.0,15.57,0.286,0.72,0.705,-0.46,100.0,,15.1454,31-Dec-2021,09-Mar-2020,1.8,70.6,1,49,2.0
132186,Aditya Birla Sun Life Dynamic Asset Allocation Omni FOF- Direct Plan - Growth Option,Balanced Advantage,3.92,12.29,11.27,12.16,12.49,2.68,7.0,11.21,13.23,13.51,13.38,0.67,0.8,10.64,-22.15,0.55,-1.13,58.1,78.1,8.31,0.722,0.772,0.0984,0.99,89.7,99.8,61.0958,29-Sep-2026,13-Oct-2014,12.0,62.6,2,49,4.1
145396,Baroda BNP Paribas Balanced Advantage Fund-Direct Plan-Growth Option,Balanced Advantage,4.39,11.04,10.38,10.62,13.7,0.24,6.22,10.06,15.52,15.73,15.87,0.53,0.64,10.57,-20.72,0.53,-1.11,59.3,80.9,6.6,0.727,0.836,0.0763,0.81,97.5,100.0,27.5139,29-Sep-2026,20-Nov-2018,7.9,61.1,3,49,6.1
118968,HDFC Balanced Advantage Fund - Growth Plan - Direct Plan,Balanced Advantage,-1.49,10.27,13.3,13.82,13.65,-4.52,2.88,10.55,16.97,15.88,15.42,0.47,0.55,9.9,-34.2,0.3,-0.94,53.1,77.7,6.1,0.682,0.838,0.0685,0.64,85.7,98.2,549.744,29-Sep-2026,01-Jan-2013,13.7,60.0,4,49,8.2
120679,ICICI Prudential Dynamic Asset Allocation Active FOF - Direct Plan - Growth,Balanced Advantage,1.62,10.25,10.49,11.99,11.86,-0.69,6.05,9.57,13.46,13.14,13.02,0.72,0.96,6.33,-26.35,0.39,-0.58,30.7,55.5,8.0,0.426,0.759,0.1063,0.49,96.4,100.0,135.7243,28-Sep-2026,11-Jan-2013,13.7,59.7,5,49,10.2
149406,Mahindra Manulife Balanced Advantage Fund - Direct Plan - Growth,Balanced Advantage,3.2,10.37,9.44,4.61,9.99,1.26,5.13,9.16,13.09,13.98,,0.47,0.55,10.25,-9.77,1.06,-1.13,53.9,78.2,6.2,0.686,0.79,0.0702,0.61,100.0,100.0,15.7158,29-Sep-2026,03-Jan-2022,4.7,59.4,6,49,12.2
149134,SBI Balanced Advantage Fund - Direct Plan - Growth,Balanced Advantage,1.5,9.24,9.66,4.86,9.83,-3.09,4.18,8.59,12.67,13.92,,0.47,0.59,6.81,-7.39,1.25,-0.71,32.0,60.0,6.31,0.47,0.832,0.0702,0.33,100.0,100.0,16.1577,29-Sep-2026,07-Sep-2021,5.1,59.1,7,49,14.3
131670,Aditya Birla Sun Life Balanced Advantage Fund - Direct Plan - Growth Option,Balanced Advantage,5.57,11.15,9.8,10.72,11.14,3.35,7.52,10.13,11.93,11.85,11.71,0.65,0.84,8.27,-26.36,0.42,-0.78,43.6,69.6,7.48,0.589,0.896,0.0919,0.72,94.1,99.6,126.88,29-Sep-2026,13-Oct-2014,12.0,58.7,8,49,16.3
120377,ICICI Prudential Balanced Advantage Fund - Direct Plan -  Growth,Balanced Advantage,2.6,10.43,10.15,10.98,12.31,0.09,6.35,9.45,13.7,12.77,12.42,0.65,0.86,7.07,-27.03,0.39,-0.66,34.9,61.8,7.39,0.492,0.854,0.0929,0.5,96.5,99.8,85.7,29-Sep-2026,02-Jan-2013,13.7,58.7,8,49,16.3
141642,Axis Balanced Advantage Fund - Direct Plan - Growth,Balanced Advantage,1.51,10.92,9.17,8.88,9.75,-1.64,4.93,9.07,10.99,12.0,11.68,0.62,0.8,8.08,-17.16,0.64,-0.8,45.1,71.2,7.24,0.588,0.924,0.0876,0.7,94.8,100.0,23.57,29-Sep-2026,07-Aug-2017,9.1,58.4,10,49,20.4
151267,WhiteOak Capital Balanced Advantage Fund Direct Plan Growth,Balanced Advantage,3.01,11.25,8.96,4.38,12.57,2.07,6.75,8.72,13.83,,,0.66,0.83,8.4,-9.58,1.17,-0.83,44.2,70.0,7.54,0.596,0.891,0.0928,0.75,100.0,100.0,15.286,29-Sep-2026,13-Feb-2023,3.6,58.3,11,49,22.4
151713,quant Dynamic Asset Allocation Fund - Growth Option - Direct Plan,Balanced Advantage,-1.18,12.65,10.88,5.3,16.07,-1.92,2.98,6.61,16.53,,,0.54,0.7,14.32,-18.43,0.69,-1.39,79.8,89.1,7.71,0.862,0.64,0.0901,0.74,78.3,100.0,16.7705,29-Sep-2026,13-Apr-2023,3.5,58.2,12,49,24.5
118615,Edelweiss Balanced Advantage Fund -Direct Plan-Growth Option,Balanced Advantage,3.33,10.05,8.97,11.71,11.95,0.89,5.25,8.75,13.18,12.53,12.6,0.47,0.59,9.26,-16.23,0.62,-0.95,50.8,76.5,6.01,0.654,0.88,0.0668,0.62,92.1,100.0,59.64,29-Sep-2026,22-Jan-2013,13.7,57.7,13,49,26.5
118736,Nippon India Balanced Advantage Fund - Direct Plan Growth Plan - Growth Option,Balanced Advantage,1.77,9.91,9.25,10.67,11.55,-0.18,5.16,8.79,13.6,12.31,12.02,0.51,0.65,8.01,-22.79,0.43,-0.81,42.4,70.0,6.33,0.575,0.911,0.0714,0.53,90.8,100.0,204.4866,29-Sep-2026,03-Jan-2013,13.7,56.5,14,49,28.6
150470,Mirae Asset Balanced Advantage Fund Direct Plan- Growth,Balanced Advantage,3.92,9.89,8.78,4.3,10.72,1.74,6.2,8.74,13.12,,,0.53,0.68,7.61,-7.52,1.32,-0.74,38.9,66.7,6.51,0.542,0.898,0.0747,0.48,100.0,100.0,15.258,29-Sep-2026,12-Aug-2022,4.1,56.5,14,49,28.6
153376,Unifi Dynamic Asset Allocation Fund - Direct Growth,Balanced Advantage,8.4,4.2,2.5,1.24,8.36,8.38,8.27,8.27,,,,2.55,4.88,0.84,-0.17,24.71,-0.05,2.7,-9.5,8.62,0.012,0.033,1.7889,0.45,100.0,,11.3182,29-Sep-2026,17-Mar-2025,1.5,56.5,14,49,28.6
126393,DSP Dynamic Asset Allocation Fund - Direct Plan - Growth,Balanced Advantage,2.64,9.85,8.38,9.18,9.77,0.0,5.84,8.64,10.14,10.21,9.97,0.67,0.81,5.8,-19.3,0.51,-0.53,25.0,49.2,7.43,0.395,0.818,0.0982,0.36,97.0,100.0,32.547,29-Sep-2026,07-Feb-2014,12.6,55.9,17,49,34.7
120042,HSBC Dynamic Asset Allocation Fund-Growth Direct,Balanced Advantage,0.46,10.49,11.71,5.58,9.53,-1.98,8.2,8.88,13.52,11.04,,0.43,0.63,11.77,-15.71,0.67,-1.14,86.1,96.4,0.13,0.914,0.942,0.0548,-0.29,86.2,100.0,18.4023,28-Dec-2018,11-Jan-2013,6.0,55.5,18,49,36.7
150481,Franklin India Balanced Advantage Fund- Growth- Direct,Balanced Advantage,0.07,9.04,8.48,4.15,10.54,-1.77,3.91,7.32,13.52,,,0.43,0.55,7.32,-8.1,1.12,-0.69,35.1,63.8,5.88,0.51,0.857,0.0616,0.33,98.1,100.0,15.0238,29-Sep-2026,06-Sep-2022,4.1,53.6,19,49,38.8
144335,Kotak Balanced Advantage Fund  - Direct Plan -Growth Option,Balanced Advantage,1.39,9.0,8.54,8.42,10.45,-0.96,4.57,7.97,12.11,12.84,12.75,0.4,0.52,7.98,-26.32,0.34,-0.77,41.8,70.5,5.44,0.572,0.908,0.0552,0.38,96.8,100.0,22.499,29-Sep-2026,10-Aug-2018,8.1,53.4,20,49,40.8
131355,BANDHAN Balanced Advantage Fund Direct Plan Growth,Balanced Advantage,4.06,9.32,7.9,9.69,9.31,2.61,5.92,8.33,9.72,10.26,10.26,0.45,0.55,7.44,-25.89,0.36,-0.73,35.2,63.6,6.1,0.518,0.847,0.0663,0.37,92.5,100.0,29.078,29-Sep-2026,13-Oct-2014,12.0,52.6,21,49,42.9
151129,HSBC Balanced Advantage Fund - Direct Growth,Balanced Advantage,1.35,9.07,7.53,3.7,9.92,0.47,4.47,6.96,12.08,,,0.44,0.56,7.12,-8.67,1.05,-0.73,31.9,60.0,6.14,0.476,0.789,0.0665,0.31,100.0,100.0,50.8785,29-Sep-2026,28-Nov-2022,3.8,52.6,21,49,42.9
118543,Franklin India Dynamic Asset Allocation Active Fund Of Funds - Direct - Growth,Balanced Advantage,-0.36,7.87,9.81,10.1,10.64,-2.8,3.12,8.03,12.48,11.83,11.36,0.3,0.39,6.87,-30.94,0.25,-0.68,32.6,61.4,5.14,0.483,0.829,0.0424,0.22,91.3,94.7,184.6097,29-Sep-2026,01-Jan-2013,13.7,51.8,23,49,46.9
146010,Tata Balanced Advantage Fund-Direct Plan-Growth,Balanced Advantage,0.57,7.62,8.34,8.52,11.26,-3.2,2.89,7.02,12.89,13.62,13.76,0.22,0.28,7.55,-20.02,0.38,-0.75,37.8,68.3,4.26,0.54,0.901,0.0313,0.15,96.8,100.0,22.6667,29-Sep-2026,29-Jan-2019,7.7,51.5,24,49,49.0
119482,Principal Balanced Advantage Fund - Direct Plan - Growth Option,Balanced Advantage,12.69,8.83,9.09,9.21,10.29,11.82,11.85,9.37,11.88,9.15,9.19,0.38,0.36,7.43,-13.84,0.64,-0.51,12.4,51.2,3.13,0.312,0.824,0.0908,-0.65,93.3,100.0,28.0361,31-Dec-2021,02-Jan-2013,9.0,51.3,25,49,51.0
119298,L&T Balanced Advantage Fund-Direct Plan-Growth,Balanced Advantage,2.79,9.41,8.35,11.33,11.46,6.27,9.01,8.89,13.63,10.62,10.21,0.36,0.37,10.01,-19.14,0.49,-0.76,15.3,61.8,2.29,0.418,0.87,0.0869,-0.6,91.2,100.0,35.3355,25-Nov-2022,02-Jan-2013,9.9,51.2,26,49,53.1
149717,Sundaram Balanced Advantage Fund ( Formerly Known as Principal Balanced Advantage Fund) - Direct Plan - Growth Option,Balanced Advantage,-1.2,7.81,7.55,3.71,7.99,-3.77,2.66,6.52,10.91,11.69,,0.23,0.3,8.41,-9.69,0.81,-0.85,44.1,73.7,4.03,0.607,0.921,0.0322,0.22,96.9,100.0,40.649,29-Sep-2026,03-Jan-2022,4.7,51.1,27,49,55.1
120333,Invesco India Balanced Advantage Fund - Direct Plan - Growth,Balanced Advantage,-2.4,8.33,8.09,9.47,11.5,-4.15,2.09,7.12,12.94,11.9,11.3,0.3,0.39,8.43,-26.49,0.31,-0.81,44.9,73.8,4.64,0.596,0.881,0.0419,0.29,87.1,99.8,61.69,29-Sep-2026,02-Jan-2013,13.7,51.0,28,49,57.1
127850,BANK OF INDIA BALANCED ADVANTAGE FUND DIRECT PLAN  GROWTH,Balanced Advantage,4.17,8.69,10.14,7.34,8.47,-0.31,4.22,8.15,8.47,8.31,7.58,0.3,0.38,9.95,-17.8,0.49,-0.92,58.1,82.4,4.28,0.716,0.915,0.0423,0.47,86.2,97.4,27.8001,29-Sep-2026,24-Mar-2014,12.5,50.9,29,49,59.2
149261,LIC MF Balanced Advantage Fund-Direct Plan-Growth,Balanced Advantage,1.18,7.83,7.73,3.79,7.95,0.69,4.12,7.08,10.05,10.98,,0.23,0.3,8.87,-9.43,0.83,-0.88,44.2,73.8,4.19,0.594,0.792,0.034,0.2,94.1,100.0,14.54,29-Sep-2026,15-Nov-2021,4.9,50.9,29,49,59.2
142038,Union Balanced Advantage Fund - Direct Plan - Growth Option,Balanced Advantage,0.6,7.78,7.28,8.11,9.34,-1.29,3.51,6.71,10.97,12.03,11.59,0.23,0.28,8.61,-23.78,0.33,-0.86,44.1,73.8,4.01,0.609,0.884,0.0319,0.21,96.8,100.0,21.87,29-Sep-2026,05-Jan-2018,8.7,49.6,31,49,63.3
147789,ITI Balanced Advantage Fund - Direct Plan - Growth Option,Balanced Advantage,0.47,8.82,7.69,4.84,7.26,-0.48,3.63,7.37,11.53,11.91,,0.34,0.39,9.22,-33.63,0.26,-0.85,45.1,73.4,5.13,0.607,0.767,0.0512,0.34,87.3,100.0,16.1353,29-Sep-2026,03-Jan-2020,6.7,49.3,32,49,65.3
149264,NJ Balanced Advantage Fund - Direct Plan - Growth Option,Balanced Advantage,-0.49,7.79,7.24,3.56,7.38,-0.64,2.15,6.77,10.85,11.97,,0.23,0.29,8.43,-14.75,0.53,-0.85,36.4,66.6,4.55,0.532,0.704,0.0364,0.16,87.7,100.0,14.2,29-Sep-2026,01-Nov-2021,4.9,49.0,33,49,67.3
152468,Parag Parikh Dynamic Asset Allocation Fund - Direct Plan Growth,Balanced Advantage,3.3,5.67,3.37,1.67,6.61,2.47,4.56,4.56,6.17,,,0.17,0.22,2.8,-2.36,2.4,-0.26,8.8,16.2,6.5,0.148,0.479,0.0323,0.32,100.0,,11.7755,29-Sep-2026,28-Feb-2024,2.6,47.2,34,49,69.4
134110,SBI Dynamic Asset Allocation Fund - Direct Plan - Growth,Balanced Advantage,26.42,8.14,9.34,5.27,8.59,23.27,12.46,10.37,8.88,8.23,,0.24,0.27,11.25,-21.67,0.38,-0.94,27.6,76.6,1.71,0.489,0.87,0.0553,-0.49,90.9,100.0,16.8439,02-Jul-2021,07-Apr-2015,6.2,46.7,35,49,71.4
148658,PGIM India Balanced Advantage Fund -  Direct Plan - Growth Option,Balanced Advantage,-3.16,6.57,6.86,4.59,8.29,-5.93,1.63,5.61,9.34,11.08,,0.08,0.11,9.24,-11.64,0.56,-0.93,50.1,79.5,2.51,0.66,0.901,0.0114,0.03,93.0,100.0,15.93,29-Sep-2026,08-Feb-2021,5.6,46.5,36,49,73.5
140357,Edelweiss Balanced Advantage Fund - Direct Plan - Growth Option-deactivated,Balanced Advantage,19.06,5.99,3.55,1.76,24.02,,,,,,,2.93,5.14,6.12,-3.34,1.79,-0.56,53.7,72.1,3.66,0.647,0.949,0.2768,-1.8,,,12.3101,20-Sep-2017,28-Nov-2016,0.8,46.1,37,49,75.5
151885,UTI Balanced Advantage Fund - Direct Plan - Growth Option,Balanced Advantage,-2.28,7.75,4.94,2.44,8.05,-4.9,2.66,3.23,8.87,,,0.24,0.32,7.72,-10.47,0.74,-0.76,40.9,71.2,4.22,0.564,0.943,0.0325,0.19,88.3,,12.6692,29-Sep-2026,17-Aug-2023,3.1,44.3,38,49,77.6
147406,Shriram Balanced Advantage Fund - Direct Growth,Balanced Advantage,-1.73,5.82,5.98,6.23,8.74,-4.89,-0.5,4.42,10.91,11.3,,0.01,0.01,10.17,-14.64,0.4,-0.99,47.1,78.0,1.77,0.671,0.769,0.001,-0.08,83.4,100.0,18.3262,29-Sep-2026,12-Jul-2019,7.2,43.9,39,49,79.6
152509,Helios Balanced Advantage Fund- Direct Plan- Growth Option,Balanced Advantage,1.65,4.95,2.94,1.46,5.96,-0.62,3.0,3.0,5.46,,,0.02,0.03,10.6,-11.05,0.45,-1.08,56.1,81.0,4.9,0.701,0.809,0.0035,0.66,100.0,,11.7,29-Sep-2026,28-Mar-2024,2.5,40.8,40,49,81.6
152194,Bajaj Finserv Balanced Advantage Fund-Direct Plan-Growth,Balanced Advantage,3.63,5.81,3.45,1.71,6.29,0.3,3.53,3.53,5.17,,,0.05,0.07,9.96,-12.52,0.46,-1.01,59.4,83.6,4.09,0.711,0.924,0.0071,0.61,92.5,,11.868,29-Sep-2026,18-Dec-2023,2.8,40.6,41,49,83.7
120088,DHFL Pramerica Dynamic Asset Allocation Fund - Direct Plan-Growth Option,Balanced Advantage,-9.59,7.0,2.97,1.47,4.73,-11.95,3.03,3.23,11.5,,,0.12,0.17,11.08,-15.24,0.46,-1.16,42.0,83.1,0.07,0.656,0.942,0.0209,-0.62,91.2,100.0,11.97,03-Mar-2016,02-Jan-2013,3.2,38.4,42,49,85.7
139872,Motilal Oswal Balanced Advantage Fund  (MOFDYNAMIC) - Direct Plan - Growth Option,Balanced Advantage,1.44,2.46,5.64,7.97,8.0,5.56,0.67,4.85,8.34,9.03,8.83,-0.26,-0.36,12.22,-26.53,0.09,-1.34,43.2,78.4,-0.73,0.582,0.401,-0.0548,-0.33,71.9,100.0,21.6741,29-Sep-2026,28-Sep-2016,10.0,35.9,43,49,87.8
134150,JPMorgan India Balanced Advantage Fund - Direct Plan - Growth Option,Balanced Advantage,6.58,0.91,0.55,0.27,1.69,5.17,4.28,4.28,6.04,,,-0.45,-0.59,9.51,-10.63,0.09,-0.99,40.0,77.0,4.78,0.591,0.95,-0.0728,0.95,91.2,,10.2681,24-Nov-2016,10-Apr-2015,1.6,34.2,44,49,89.8
152688,Canara Robeco Balanced Advantage Fund - Direct Plan - Growth Option,Balanced Advantage,-1.92,0.66,0.4,0.2,0.93,-4.1,-0.59,-0.59,3.15,,,-0.56,-0.8,9.19,-11.02,0.06,-0.99,48.8,79.3,2.06,0.662,0.881,-0.0773,0.44,78.3,,10.19,29-Sep-2026,06-Aug-2024,2.1,28.0,45,49,91.8
154185,The Wealth Company Balanced Advantage Fund - Direct Growth,Balanced Advantage,-1.26,-0.42,-0.25,-0.13,-2.07,,,,,,,-0.8,-1.21,10.18,-6.21,-0.07,-1.05,47.9,77.7,9.15,0.611,0.837,-0.1327,2.13,,,9.8495,29-Sep-2026,19-Feb-2026,0.6,26.4,46,49,93.9
153832,SBI Dynamic Asset Allocation Active FoF - Direct Plan - Growth,Balanced Advantage,2.85,0.46,0.28,0.14,1.37,1.26,1.07,1.07,,,,-0.67,-0.88,7.21,-7.84,0.06,-0.86,33.9,64.3,4.46,0.517,0.825,-0.0942,1.01,,,10.1774,29-Sep-2026,22-Sep-2025,1.0,26.1,47,49,95.9
152188,Samco Dynamic Asset Allocation Fund - Direct Plan - Growth Option,Balanced Advantage,-1.03,1.6,0.96,0.48,1.76,-1.49,-0.91,-0.91,-0.8,,,-0.36,-0.4,11.22,-15.25,0.1,-1.07,33.8,69.3,0.42,0.568,0.468,-0.0711,-0.11,41.8,,10.52,29-Sep-2026,04-Jan-2024,2.7,24.1,48,49,98.0
118737,Nippon India Balanced Advantage Fund - Direct Plan Growth Plan - Bonus Option,Balanced Advantage,-3.6,-40.21,-26.55,-14.3,-40.92,,-23.85,-23.85,,,,-0.75,-0.54,69.18,-79.41,-0.51,-1.83,79.3,111.2,-43.11,1.197,0.073,-0.4319,-0.85,0.0,,9.6854,23-Dec-2015,16-Jan-2013,2.9,16.3,49,49,100.0
126598,Aditya Birla Sun Life Fixed Term Plan - Corporate Bond Series A (1170 days) - Direct Plan-Growth,Debt - Corporate Bond,8.03,10.19,6.29,3.1,10.01,7.2,9.02,9.19,10.35,,,5.82,4.91,0.74,-0.83,12.28,-0.02,2.7,-11.3,10.71,0.007,0.018,6.1364,-0.1,100.0,100.0,13.5755,05-Apr-2017,23-Jan-2014,3.2,63.8,1,28,3.6
126745,Aditya Birla Sun Life Fixed Term Plan - Corporate Bond Series B (1168 days) - Direct Plan-Growth,Debt - Corporate Bond,7.58,9.56,5.99,2.95,9.55,7.04,8.49,8.62,9.59,,,4.96,4.26,0.73,-0.53,18.04,-0.01,2.6,-10.1,9.99,0.009,0.032,4.0053,-0.11,100.0,100.0,13.3898,12-Apr-2017,03-Feb-2014,3.2,62.9,2,28,7.1
120497,Invesco India Corporate Bond Fund - Direct Plan - Growth,Debt - Corporate Bond,4.55,7.08,6.09,6.45,49.99,4.23,6.24,6.55,257.62,18.53,12.87,0.79,1.01,1.22,-4.69,1.51,-0.1,3.3,-4.6,7.26,0.028,0.09,0.3443,0.05,97.9,100.0,3614.2959,29-Sep-2026,02-Jan-2013,13.7,61.2,3,28,10.7
144646,DSP Corporate Bond Fund - Direct - Growth,Debt - Corporate Bond,6.0,7.38,6.06,5.76,7.2,6.16,7.06,6.88,6.92,6.13,6.1,1.87,2.44,0.66,-3.18,2.32,-0.03,2.7,-8.0,7.65,0.012,0.053,1.0267,0.08,100.0,100.0,17.5196,29-Sep-2026,11-Sep-2018,8.0,60.1,4,28,14.3
147389,Tata Corporate Bond Fund - Direct Plan -Growth (Segregated Portfolio 1),Debt - Corporate Bond,116.54,19.75,11.42,5.56,22.63,159.84,50.52,50.52,15.89,,,0.53,0.99,64.73,-22.2,0.89,-0.06,-0.6,-144.3,41.89,-0.049,0.0,-6.9732,0.24,23.0,,433.4746,09-Feb-2022,17-Jun-2019,2.7,59.7,5,28,17.9
141588,Axis Corporate Bond Fund - Direct Plan Growth,Debt - Corporate Bond,5.31,7.58,6.73,6.8,7.42,5.08,6.9,7.15,7.58,7.45,7.15,1.25,1.62,1.11,-3.81,1.99,-0.08,3.3,-5.9,7.73,0.025,0.083,0.5651,0.08,100.0,100.0,19.3608,29-Sep-2026,18-Jul-2017,9.2,58.7,6,28,21.4
118807,Nippon India Corporate Bond Fund - Direct Plan Growth Plan - Bonus,Debt - Corporate Bond,5.05,7.43,6.73,7.24,7.83,4.85,6.66,7.03,7.91,7.79,7.65,1.15,1.53,1.16,-1.7,4.37,-0.09,3.2,-5.7,7.65,0.025,0.081,0.5343,0.07,100.0,100.0,47.9629,29-Sep-2026,10-Jan-2013,13.7,58.5,7,28,25.0
118814,Nippon India Corporate Bond Fund - Direct Plan Growth Plan - Growth Option,Debt - Corporate Bond,5.05,7.43,6.73,7.24,7.82,4.85,6.66,7.03,7.91,7.79,7.65,1.15,1.53,1.16,-1.7,4.37,-0.09,3.2,-5.7,7.66,0.025,0.081,0.5346,0.07,100.0,100.0,67.1798,29-Sep-2026,02-Jan-2013,13.7,58.5,7,28,25.0
120692,ICICI Prudential Corporate Bond Fund - Direct Plan - Growth,Debt - Corporate Bond,5.41,7.28,6.69,7.34,8.02,5.07,6.71,7.04,8.1,7.97,7.83,1.17,1.34,1.0,-2.01,3.62,-0.07,3.2,-5.7,7.5,0.024,0.092,0.4877,0.06,100.0,100.0,33.4968,29-Sep-2026,03-Jan-2013,13.7,58.2,9,28,32.1
133791,Kotak Corporate Bond Fund- Direct Plan- Growth Option,Debt - Corporate Bond,4.86,7.28,6.4,7.22,7.47,4.58,6.5,6.81,7.58,7.45,7.35,1.05,1.31,1.12,-1.92,3.79,-0.08,3.1,-5.8,7.51,0.024,0.08,0.4913,0.06,100.0,100.0,4199.1443,29-Sep-2026,02-Feb-2015,11.7,57.4,10,28,35.7
144339,UTI Corporate Bond Fund - Direct Plan - Growth Option,Debt - Corporate Bond,5.01,7.19,6.3,5.97,7.39,4.86,6.53,6.75,7.55,6.86,6.8,0.98,1.31,1.1,-2.97,2.42,-0.09,3.1,-5.5,7.4,0.025,0.086,0.4309,0.06,100.0,100.0,17.8756,29-Sep-2026,09-Aug-2018,8.1,56.6,11,28,39.3
135916,BANDHAN Corporate Bond Fund - Direct Growth,Debt - Corporate Bond,5.6,7.18,6.12,6.95,7.27,5.57,6.73,6.76,7.2,7.08,6.9,0.95,1.24,1.02,-3.47,2.07,-0.08,3.0,-5.9,7.34,0.02,0.065,0.4916,0.05,100.0,100.0,21.209,29-Sep-2026,13-Jan-2016,10.7,56.5,12,28,42.9
150237,BARODA BNP PARIBAS Corporate Bond Fund - Direct Plan - Growth Option,Debt - Corporate Bond,5.72,7.66,6.05,2.98,6.68,5.75,7.15,7.3,7.7,,,1.38,1.81,1.14,-2.33,3.29,-0.08,3.3,-6.2,7.91,0.023,0.071,0.6865,0.09,100.0,100.0,31.3937,29-Sep-2026,14-Mar-2022,4.5,56.3,13,28,46.4
138330,PGIM India Corporate Bond Fund - Direct Plan - Growth,Debt - Corporate Bond,4.6,7.04,6.23,6.87,7.16,4.23,6.27,6.6,7.11,7.12,6.97,0.8,1.03,1.16,-3.14,2.24,-0.09,3.1,-5.3,7.24,0.026,0.083,0.3556,0.04,100.0,100.0,51.054,29-Sep-2026,08-Mar-2016,10.6,55.7,14,28,50.0
146215,SBI Corporate Bond Fund - Direct Plan - Growth,Debt - Corporate Bond,4.84,7.15,6.26,5.41,7.14,4.6,6.45,6.7,7.04,6.47,,0.86,1.05,1.1,-2.9,2.47,-0.08,3.1,-5.3,7.27,0.025,0.086,0.3799,0.05,100.0,100.0,17.0102,29-Sep-2026,08-Feb-2019,7.6,55.4,15,28,53.6
119533,Aditya Birla Sun Life Corporate Bond Fund - Growth - Direct Plan,Debt - Corporate Bond,4.44,6.95,6.29,7.24,7.94,4.09,6.03,6.55,8.08,8.0,7.88,0.59,0.71,1.39,-2.38,2.92,-0.11,3.3,-3.9,7.09,0.032,0.088,0.2563,0.04,100.0,100.0,121.4429,29-Sep-2026,02-Jan-2013,13.7,55.2,16,28,57.1
149361,Tata Corporate Bond Fund-Direct Plan-Growth,Debt - Corporate Bond,4.9,7.18,6.06,2.98,6.31,4.73,6.38,6.75,7.19,7.55,,0.91,1.13,1.17,-1.69,4.25,-0.09,3.2,-5.3,7.37,0.026,0.083,0.4053,0.05,100.0,100.0,13.4298,29-Sep-2026,07-Dec-2021,4.8,55.2,16,28,57.1
118987,HDFC Corporate Bond Fund - Growth Option - Direct Plan,Debt - Corporate Bond,4.18,6.88,6.16,7.18,7.84,3.83,5.98,6.48,8.02,7.96,7.84,0.58,0.65,1.28,-4.0,1.72,-0.1,3.2,-4.3,7.05,0.029,0.087,0.2574,0.05,100.0,100.0,35.1219,29-Sep-2026,01-Jan-2013,13.7,54.9,18,28,64.3
148755,Mirae Asset Corporate Bond Fund Direct Growth Plan,Debt - Corporate Bond,4.92,7.02,6.04,3.3,6.04,4.81,6.38,6.56,6.26,6.74,,0.78,0.99,1.16,-1.24,5.66,-0.09,3.1,-5.2,7.22,0.025,0.079,0.3614,0.04,100.0,100.0,13.8409,29-Sep-2026,18-Mar-2021,5.5,54.1,19,28,67.9
126685,CANARA ROBECO CORPORATE BOND FUND - DIRECT PLAN - GROWTH OPTION,Debt - Corporate Bond,4.65,6.65,5.84,6.63,7.38,4.47,5.92,6.21,7.34,7.15,7.09,0.54,0.71,0.94,-2.01,3.31,-0.06,2.9,-5.3,6.87,0.02,0.073,0.2545,0.01,100.0,100.0,24.6588,29-Sep-2026,10-Feb-2014,12.6,53.9,20,28,71.4
150996,HSBC Corporate Bond Fund - Direct Growth,Debt - Corporate Bond,5.02,7.27,5.45,2.69,7.16,4.9,6.65,6.87,7.67,,,1.0,1.32,1.15,-0.71,10.24,-0.08,3.1,-5.7,7.48,0.025,0.076,0.4605,0.06,100.0,100.0,83.2133,29-Sep-2026,28-Nov-2022,3.8,53.8,21,28,75.0
119479,Principal Corporate Bond Fund  - Direct Plan -Growth Option,Debt - Corporate Bond,8.83,7.04,7.85,4.96,7.85,9.42,6.58,7.22,7.72,8.23,,0.39,0.43,2.25,-4.82,1.46,-0.15,2.6,-8.7,7.29,0.006,0.001,1.4588,-0.55,100.0,100.0,33.4982,29-May-2019,02-Jan-2013,6.4,53.3,22,28,78.6
119621,Sundaram Corporate Bond Fund Direct Plan - Growth,Debt - Corporate Bond,4.63,6.98,6.05,6.9,7.38,4.5,6.25,6.46,8.15,7.88,7.7,0.79,1.05,1.09,-11.02,0.63,-0.08,3.1,-5.2,7.19,0.025,0.087,0.3453,0.04,100.0,100.0,44.1242,29-Sep-2026,13-May-2013,13.4,52.2,23,28,82.1
143241,Union Corporate Bond Fund - Direct Plan - Growth Option,Debt - Corporate Bond,3.99,6.84,5.77,5.11,6.17,3.7,5.94,6.25,6.3,6.09,5.99,0.57,0.7,1.24,-5.71,1.2,-0.1,3.2,-4.4,7.01,0.029,0.09,0.2448,0.03,100.0,100.0,16.499,29-Sep-2026,01-Jun-2018,8.3,51.9,24,28,85.7
151320,TRUSTMF CORPORATE BOND FUND-DIRECT PLAN-GROWTH,Debt - Corporate Bond,4.66,6.75,4.99,2.46,6.84,4.59,6.08,6.34,7.21,,,0.46,0.61,1.35,-0.57,11.84,-0.11,3.1,-4.5,6.93,0.026,0.06,0.2368,0.02,100.0,100.0,1276.8374,29-Sep-2026,23-Jan-2023,3.7,50.3,25,28,89.3
119984,BNP Paribas Corporate Bond Fund - Direct Plan - Growth Option,Debt - Corporate Bond,4.0,4.1,5.33,6.53,7.13,2.81,4.81,4.89,7.39,7.29,7.3,-0.27,-0.17,7.2,-10.84,0.38,-0.14,1.4,3.4,4.29,0.016,0.003,-1.2194,-0.47,98.8,100.0,23.3944,13-Mar-2022,02-Jan-2013,9.2,41.8,26,28,92.9
140333,Edelweiss Corporate Bond Fund - Direct Plan - Growth Option,Debt - Corporate Bond,-0.73,0.85,2.19,1.09,2.45,1.73,0.75,1.25,1.85,,,-0.6,-0.3,8.65,-13.68,0.06,-0.16,0.9,5.0,1.09,0.014,0.001,-3.7317,-0.53,69.8,100.0,13.8398,20-May-2021,28-Nov-2016,4.5,26.6,27,28,96.4
119104,Tata Corporate Bond Fund- Direct Plan-Growth,Debt - Corporate Bond,-38.63,-11.83,-4.04,-0.29,-0.41,-34.53,-21.88,-12.78,3.62,5.52,,-0.84,-0.33,19.87,-41.95,-0.28,-0.03,2.7,37.2,-11.42,0.104,0.004,-1.6005,-1.08,85.9,86.5,1480.3342,13-Dec-2019,02-Jan-2013,6.9,21.6,28,28,100.0
140196,Edelweiss Liquid Fund - Direct Plan - Growth Option,Debt - Liquid,6.54,6.99,6.4,68.09,69.54,6.56,6.77,6.79,717.15,39.66,25.15,-13.39,-30.28,0.13,-0.15,46.6,0.01,1.4,-6.1,4.85,0.001,0.008,-16.4228,-0.14,100.0,100.0,3682.2383,29-Sep-2026,27-Nov-2016,9.8,56.4,1,62,1.6
119905,JPMorgan India Liquid Fund - Direct Plan - Growth Option,Debt - Liquid,7.02,8.22,6.54,3.22,8.48,6.76,7.7,8.0,8.63,8.62,,1.82,,0.2,-0.23,35.74,0.02,1.3,-6.7,5.71,0.001,0.008,-7.8715,-0.33,100.0,100.0,20.4484,24-Nov-2016,01-Jan-2013,3.9,54.3,2,62,3.2
119861,Tata Liquid Fund- Direct Plan-Growth Option,Debt - Liquid,6.5,6.95,6.37,6.13,49.42,6.51,6.74,6.75,854.4,46.79,26.68,-14.01,,0.12,-0.23,30.22,0.01,1.4,-6.1,4.83,0.001,0.008,-16.6134,-0.15,100.0,100.0,4495.6714,29-Sep-2026,02-Jan-2013,13.7,53.0,3,62,4.8
119091,HDFC Liquid Fund - Growth Option - Direct Plan,Debt - Liquid,6.48,6.91,6.34,6.06,49.31,6.5,6.7,6.72,845.15,104.02,55.72,-13.12,-29.56,0.13,-0.18,38.39,0.01,1.4,-6.1,4.82,0.001,0.005,-16.7818,-0.15,100.0,100.0,5592.0364,29-Sep-2026,31-Dec-2012,13.7,52.9,4,62,6.5
119766,Kotak Liquid Fund - Direct Plan - Growth,Debt - Liquid,6.49,6.93,6.36,6.07,49.32,6.52,6.72,6.73,55.53,8.6,7.31,-9.35,,0.16,-0.26,26.65,0.01,1.4,-6.1,4.84,0.001,0.007,-16.5388,-0.14,100.0,100.0,5753.8912,29-Sep-2026,01-Jan-2013,13.7,50.1,5,62,8.1
120249,LIC MF Liquid Fund-Direct Plan-Growth,Debt - Liquid,6.48,6.92,6.35,6.12,49.36,6.49,6.7,6.72,55.53,8.65,7.37,-13.75,,0.13,-0.16,43.25,0.01,1.4,-6.0,4.8,0.001,0.006,-16.972,-0.15,100.0,100.0,5169.4733,29-Sep-2026,01-Jan-2013,13.7,50.1,5,62,8.1
119935,ING Liquid Fund - Super Institutional Plan - Direct Plan - Growth Option,Debt - Liquid,9.31,5.38,3.19,1.58,9.29,9.07,9.3,9.3,9.52,,,3.16,,0.35,-0.34,15.82,0.02,1.2,-7.0,6.3,0.003,0.015,-0.4738,-0.82,100.0,,20.009,09-Oct-2014,01-Jan-2013,1.8,50.1,5,62,8.1
119173,Morgan Stanley Liquid Fund - Direct Growth Plan,Debt - Liquid,9.57,4.52,2.69,1.34,9.37,9.33,9.41,9.41,9.5,,,4.98,,0.24,-0.15,30.13,0.02,1.1,-7.3,6.5,0.001,0.015,0.2377,-0.69,100.0,,1288.4008,26-Jun-2014,01-Jan-2013,1.5,49.8,8,62,12.9
120123,BNP Paribas LIQUID Fund - Direct Plan - Growth Option,Debt - Liquid,9.56,4.52,2.69,1.33,9.34,9.42,9.45,9.45,9.4,,,4.94,,0.24,-0.14,32.29,0.02,1.1,-7.3,6.48,0.001,0.01,0.0653,-0.7,100.0,,20.1814,27-Jun-2014,01-Jan-2013,1.5,49.7,9,62,14.5
120104,DHFL Pramerica Liquid Fund - Direct Plan-Growth Option,Debt - Liquid,8.3,8.9,5.57,2.75,8.91,8.04,8.68,8.71,9.04,8.9,,-3.43,,0.13,-0.18,49.44,0.02,1.0,-6.9,6.04,0.001,0.007,-4.5514,-0.26,100.0,100.0,1608.2459,07-Mar-2016,01-Jan-2013,3.2,48.2,10,62,16.1
118610,Reliance Liquid Fund - Cash Plan - Direct Plan - Growth Plan - Growth Option,Debt - Liquid,6.89,7.47,8.14,4.32,8.19,6.9,7.15,7.68,8.24,8.31,,-4.36,,0.16,-0.21,35.57,0.02,1.5,-6.6,5.16,-0.0,0.0,,-0.31,100.0,100.0,2831.6355,20-May-2018,01-Jan-2013,5.4,48.0,11,62,17.7
118636,Edelweiss Liquid Fund-Direct Plan-Growth Option,Debt - Liquid,6.75,7.63,6.09,3.0,7.93,6.54,7.27,7.52,8.01,8.01,,-0.75,,0.18,-0.15,50.87,0.02,1.2,-6.3,5.31,0.0,0.004,,-0.42,100.0,100.0,1529.8657,25-Nov-2016,11-Jan-2013,3.9,47.0,12,62,19.4
120389,Axis Liquid Fund - Direct Plan - Growth Option,Debt - Liquid,6.58,6.99,6.42,6.16,6.86,6.61,6.79,6.8,6.79,6.55,6.31,-13.27,,0.13,-0.19,36.79,0.01,1.4,-6.1,4.85,0.001,0.006,-16.3946,-0.14,100.0,100.0,3169.5774,29-Sep-2026,01-Jan-2013,13.7,46.6,13,62,21.0
119568,Aditya Birla Sun Life Liquid Fund - Growth - Direct Plan,Debt - Liquid,6.57,6.99,6.43,6.17,6.9,6.59,6.78,6.8,6.82,6.58,6.35,-13.18,,0.13,-0.23,30.39,0.01,1.4,-6.1,4.84,0.001,0.006,-16.5377,-0.14,100.0,100.0,460.25,29-Sep-2026,01-Jan-2013,13.7,46.6,13,62,21.0
118577,Franklin India Liquid Fund - Super Institutional - Direct - Growth,Debt - Liquid,6.55,6.97,6.39,6.17,6.91,6.59,6.78,6.77,6.83,6.59,6.36,-13.51,,0.13,-0.16,43.56,0.01,1.4,-6.1,4.85,0.001,0.007,-16.4653,-0.14,100.0,100.0,4283.0001,29-Sep-2026,31-Dec-2012,13.7,46.6,13,62,21.0
118701,Nippon India Liquid Fund - Direct Plan Growth Plan - Growth Option,Debt - Liquid,6.55,6.96,6.39,6.15,6.87,6.58,6.76,6.77,6.79,6.56,6.32,-13.31,,0.13,-0.24,29.0,0.01,1.4,-6.1,4.84,0.001,0.006,-16.5358,-0.14,100.0,100.0,6974.1123,29-Sep-2026,01-Jan-2013,13.7,46.6,13,62,21.0
119369,BANK OF INDIA Liquid Fund- Direct Plan- Growth,Debt - Liquid,6.51,6.95,6.4,6.11,6.83,6.53,6.73,6.76,6.76,6.52,6.28,-14.38,,0.12,-0.16,43.44,0.01,1.4,-6.0,4.81,0.001,0.009,-16.8037,-0.15,100.0,100.0,3280.3458,29-Sep-2026,01-Jan-2013,13.7,46.5,17,62,27.4
119135,Groww Liquid Fund ( formerly known as Indiabulls Liquid )Fund - Direct Plan - Growth Option,Debt - Liquid,6.5,6.96,6.28,6.04,6.8,6.52,6.75,6.71,6.73,6.48,6.23,-6.19,,0.18,-0.25,27.84,0.01,1.4,-6.1,4.9,0.001,0.011,-15.9636,-0.14,100.0,100.0,2760.9849,29-Sep-2026,01-Jan-2013,13.7,46.5,17,62,27.4
119415,Baroda BNP Paribas LIQUID FUND - DIRECT PLAN - GROWTH OPTION,Debt - Liquid,6.46,6.9,6.38,6.14,6.87,6.47,6.69,6.72,6.8,6.57,6.33,-14.73,,0.12,-0.21,32.86,0.01,1.4,-6.0,4.79,0.001,0.006,-17.0482,-0.15,100.0,100.0,3281.8748,29-Sep-2026,01-Jan-2013,13.7,46.5,17,62,27.4
120038,HSBC Liquid Fund -  Growth Direct,Debt - Liquid,6.47,6.93,6.38,6.11,6.82,6.5,6.72,6.74,6.75,6.51,6.27,-13.46,,0.13,-0.27,25.67,0.01,1.4,-6.0,4.81,0.001,0.008,-16.8566,-0.15,100.0,100.0,2837.433,29-Sep-2026,01-Jan-2013,13.7,46.5,17,62,27.4
120197,ICICI Prudential Liquid Fund - Direct Plan - Growth,Debt - Liquid,6.47,6.92,6.35,6.11,6.83,6.49,6.71,6.72,6.76,6.52,6.28,-13.78,,0.13,-0.16,43.25,0.01,1.4,-6.1,4.82,0.001,0.006,-16.7372,-0.15,100.0,100.0,421.4075,29-Sep-2026,01-Jan-2013,13.7,46.5,17,62,27.4
120537,Invesco India Liquid Fund - Direct Plan - Growth,Debt - Liquid,6.5,6.93,6.36,6.08,6.82,6.54,6.72,6.73,6.74,6.5,6.25,-13.8,,0.13,-0.23,30.13,0.01,1.4,-6.0,4.81,0.001,0.007,-16.8309,-0.15,100.0,100.0,3909.1557,29-Sep-2026,01-Jan-2013,13.7,46.5,17,62,27.4
118305,CANARA ROBECO LIQUID FUND - DIRECT PLAN - GROWTH OPTION,Debt - Liquid,6.47,6.94,6.37,5.99,6.72,6.47,6.72,6.74,6.63,6.38,6.12,-14.01,-28.11,0.12,-0.18,38.56,0.01,1.4,-6.0,4.8,0.001,0.008,-16.9277,-0.15,100.0,100.0,3412.9962,29-Sep-2026,01-Jan-2013,13.7,46.4,23,62,37.1
119800,SBI Liquid Fund - DIRECT PLAN -Growth,Debt - Liquid,6.48,6.89,6.33,6.06,6.79,6.52,6.68,6.7,6.71,6.47,6.23,-13.95,,0.13,-0.17,40.53,0.01,1.4,-6.0,4.79,0.001,0.008,-17.0174,-0.15,100.0,100.0,4452.0333,29-Sep-2026,01-Jan-2013,13.7,46.4,23,62,37.1
118364,BANDHAN LIQUID Fund -Direct Plan-Growth,Debt - Liquid,6.48,6.91,6.36,6.04,6.78,6.5,6.7,6.73,6.7,6.46,6.21,-13.88,-45.91,0.13,-0.23,30.04,0.01,1.4,-6.0,4.8,0.001,0.006,-16.9448,-0.15,100.0,100.0,3438.7332,29-Sep-2026,01-Jan-2013,13.7,46.4,23,62,37.1
120406,JM Liquid Fund (Direct) - Growth Option,Debt - Liquid,6.39,6.83,6.32,6.08,6.83,6.42,6.63,6.66,6.76,6.52,6.28,-7.81,,0.16,-0.18,37.94,0.01,1.4,-6.0,4.77,0.001,0.01,-17.1931,-0.15,100.0,100.0,77.6829,29-Sep-2026,01-Jan-2013,13.7,46.4,23,62,37.1
118859,Mirae Asset Liquid Fund - Direct Plan - Growth,Debt - Liquid,6.42,6.92,6.37,6.1,6.71,6.43,6.69,6.73,6.66,6.45,6.23,-14.4,-23.12,0.12,-0.16,43.25,0.01,1.4,-6.0,4.79,0.001,0.007,-17.0417,-0.15,100.0,100.0,3006.4361,29-Sep-2026,06-Jan-2013,13.7,46.4,23,62,37.1
138299,PGIM India Liquid Fund - Direct Plan - Growth,Debt - Liquid,6.53,6.96,6.4,6.16,6.26,6.57,6.76,6.78,6.16,5.95,5.63,-13.07,,0.13,-0.15,46.4,0.01,1.4,-6.1,4.84,0.001,0.006,-16.5248,-0.14,100.0,100.0,371.6862,29-Sep-2026,08-Mar-2016,10.6,46.3,28,62,45.2
119303,Union Liquid Fund - Direct Plan - Growth Option,Debt - Liquid,6.5,6.95,6.39,5.73,6.54,6.5,6.73,6.76,6.44,6.14,5.83,-14.76,,0.12,-3.3,2.11,0.01,1.4,-6.1,4.82,0.001,0.007,-16.7688,-0.15,100.0,100.0,2747.0666,29-Sep-2026,01-Jan-2013,13.7,46.2,29,62,46.8
139538,Mahindra Manulife Liquid Fund - Direct Plan -Growth,Debt - Liquid,6.53,6.96,6.42,6.19,6.22,6.56,6.75,6.78,6.15,5.92,5.62,-14.97,,0.11,-0.22,31.64,0.01,1.4,-6.1,4.82,0.001,0.008,-16.7447,-0.15,100.0,100.0,1855.5584,29-Sep-2026,04-Jul-2016,10.2,46.2,29,62,46.8
125345,360 ONE LIQUID FUND DIRECT PLAN  GROWTH,Debt - Liquid,6.28,6.72,6.19,5.73,6.24,6.29,6.51,6.55,6.14,5.89,5.63,-5.13,,0.18,-0.04,168.0,0.01,1.4,-5.9,4.73,0.001,0.011,-17.6738,-0.15,100.0,100.0,2179.3954,29-Sep-2026,13-Nov-2013,12.9,45.8,31,62,50.0
149664,Sundaram Liquid Fund (Formerly Known as Principal Cash Management Fund) - Direct Plan - Growth Option,Debt - Liquid,6.57,6.98,6.22,3.06,6.57,6.64,6.79,6.85,6.87,6.99,,-12.8,,0.13,-0.02,349.0,0.01,1.4,-6.1,4.86,0.001,0.008,-16.3393,-0.14,100.0,100.0,2518.3378,29-Sep-2026,01-Jan-2022,4.7,45.8,31,62,50.0
103734,Quantum Liquid Fund - Direct Plan Growth Option,Debt - Liquid,5.92,6.51,6.03,5.64,6.71,5.93,6.24,6.33,6.74,6.68,6.67,-22.81,,0.09,-0.55,11.84,0.01,1.3,-5.7,4.48,0.001,0.007,-20.1497,-0.17,100.0,100.0,37.8269,29-Sep-2026,09-Apr-2006,20.5,45.7,33,62,53.2
148841,TRUSTMF Liquid Fund-Direct Plan-Growth,Debt - Liquid,6.44,6.86,6.33,3.26,6.08,6.47,6.66,6.69,6.36,6.66,,-11.69,,0.14,-0.01,686.0,0.01,1.4,-6.0,4.78,0.001,0.009,-17.1114,-0.15,100.0,100.0,1378.4235,29-Sep-2026,25-Apr-2021,5.4,45.5,34,62,54.8
120280,Sahara Liquid Fund-Variable Pricing -Direct - Growth option,Debt - Liquid,4.59,5.4,5.89,4.8,6.7,4.15,5.12,5.47,6.74,6.61,6.65,-16.6,-78.46,0.17,-0.23,23.48,-0.0,1.1,-5.3,4.42,0.0,0.0,,0.22,100.0,100.0,3348.3333,26-Mar-2020,01-Jan-2013,7.2,45.4,35,62,56.5
145971,WhiteOak Capital Liquid Fund- Direct plan-Growth Option,Debt - Liquid,6.42,6.83,6.2,4.3,5.62,6.45,6.63,6.62,5.46,5.4,5.39,-4.51,,0.18,-0.05,136.6,0.01,1.4,-6.1,4.81,0.001,0.009,-16.7973,-0.15,100.0,100.0,1524.3491,29-Sep-2026,17-Jan-2019,7.7,45.2,36,62,58.1
143269,Parag Parikh Liquid Fund- Direct Plan- Growth,Debt - Liquid,6.43,6.67,6.09,4.64,5.56,6.47,6.55,6.49,5.44,5.23,5.21,-15.18,-20.32,0.12,-0.04,166.75,0.01,1.3,-5.8,4.62,0.001,0.008,-18.7099,-0.16,100.0,100.0,1574.5638,29-Sep-2026,14-May-2018,8.4,45.0,37,62,59.7
147157,ITI Liquid Fund - Direct Plan - Growth Option,Debt - Liquid,6.15,6.68,6.14,3.98,5.39,6.1,6.47,6.49,5.32,5.43,5.38,-16.69,,0.11,-0.01,668.0,0.01,1.3,-5.8,4.64,0.001,0.004,-18.6098,-0.16,100.0,100.0,1477.2068,29-Sep-2026,24-Apr-2019,7.4,44.8,38,62,61.3
145834,Motilal Oswal Liquid Fund - Direct Growth,Debt - Liquid,6.11,6.53,5.99,4.13,5.34,6.1,6.32,6.34,5.24,5.22,5.21,-6.58,,0.16,-0.05,130.6,0.01,1.3,-5.8,4.57,0.001,0.013,-19.2358,-0.16,100.0,100.0,14.9883,29-Sep-2026,20-Dec-2018,7.8,44.6,39,62,62.9
120837,quant Liquid Fund - Growth Option - Direct Plan,Debt - Liquid,6.1,6.75,6.3,6.34,6.39,6.06,6.48,6.56,7.03,6.84,6.64,-5.53,,0.17,-8.96,0.75,0.01,1.3,-6.0,4.72,0.001,0.008,-17.7529,-0.15,99.7,100.0,45.5992,29-Sep-2026,04-Jan-2013,13.7,43.3,40,62,64.5
130479,BNP PARIBAS LIQUID FUND -- DIRECT PLAN - GROWTH OPTION,Debt - Liquid,3.49,4.56,5.61,4.94,6.46,3.51,3.86,4.82,6.48,6.68,6.66,-11.15,-4.67,0.24,-0.21,21.71,0.01,0.4,-3.4,3.15,0.001,0.008,-33.3008,-0.63,100.0,100.0,3271.5995,13-Mar-2022,29-Jun-2014,7.7,42.4,41,62,66.1
119790,L&T Liquid Fund - Direct Plan -Growth,Debt - Liquid,4.55,4.09,5.28,6.69,6.76,4.96,4.1,4.6,6.72,6.81,6.86,-15.79,-4.41,0.23,-0.29,14.1,0.01,0.3,-2.9,2.79,0.002,0.018,-18.3868,-0.67,100.0,100.0,3010.689,25-Nov-2022,01-Jan-2013,9.9,42.3,42,62,67.7
118345,IDBI Liquid Fund Growth Direct,Debt - Liquid,6.6,4.59,5.38,6.73,6.82,6.72,5.26,5.08,6.7,6.65,6.73,-38.66,-19.37,0.09,-0.2,22.95,0.01,0.6,-3.6,3.13,0.0,0.006,,-1.14,100.0,100.0,2475.3541,28-Jul-2023,01-Jan-2013,10.6,42.2,43,62,69.4
139257,JM Liquid Fund Unclaimed Redemption (Direct) Growth Plan,Debt - Liquid,3.42,4.6,5.63,3.38,5.89,3.42,3.87,4.84,5.94,6.25,,-16.59,-6.23,0.16,-0.09,51.11,0.01,0.4,-3.5,3.16,0.001,0.01,-33.2988,-0.72,100.0,100.0,57.823,24-Jan-2022,05-Apr-2016,5.8,41.5,44,62,71.0
153651,JioBlackRock Liquid Fund - Direct Plan - Growth Option,Debt - Liquid,6.56,2.58,1.54,0.77,6.41,6.61,6.6,6.6,6.52,,,-12.78,,0.16,-0.01,258.0,0.01,1.6,-5.3,4.48,0.002,0.02,-10.178,0.99,100.0,,1080.2969,29-Sep-2026,06-Jul-2025,1.2,41.0,45,62,72.6
153035,Shriram Liquid Fund - Direct Plan Growth Option,Debt - Liquid,6.31,3.91,2.33,1.16,6.39,6.36,6.31,6.31,6.26,,,-15.42,-33.39,0.14,-0.01,391.0,0.01,1.2,-5.5,4.44,0.001,0.006,-20.6281,0.35,100.0,,1124.2851,29-Sep-2026,20-Nov-2024,1.9,40.7,46,62,74.2
119181,Daiwa Liquid Fund - Direct - Growth,Debt - Liquid,7.71,2.51,1.5,0.75,8.94,,,,,,,3.68,,0.23,-0.07,35.86,0.02,0.9,-6.8,6.27,0.001,0.011,-2.2952,0.1,,,1382.3538,14-Nov-2013,01-Jan-2013,0.9,39.5,47,62,75.8
120262,Sahara Liquid Fund-Fixed Pricing - Direct -Growth option,Debt - Liquid,0.0,2.51,4.02,3.83,5.33,-0.0,1.28,2.69,5.53,5.77,5.74,-30.69,-214.59,0.16,-0.23,10.91,-0.0,0.5,-2.3,1.98,0.0,0.001,,0.09,90.2,100.0,3024.287,26-Mar-2020,01-Jan-2013,7.2,39.4,48,62,77.4
118893,Taurus Liquid Fund-Direct Plan-SI Growth Option,Debt - Liquid,3.23,4.8,4.59,4.85,6.23,2.84,4.24,4.38,6.29,5.91,5.93,-30.71,,0.09,-7.22,0.66,0.01,0.5,-3.8,3.31,-0.0,0.003,,-0.17,94.1,100.0,1990.1202,03-Nov-2020,01-Jan-2013,7.8,38.7,49,62,79.0
119164,Navi Liquid Fund-Direct Plan-Growth Option,Debt - Liquid,5.76,6.38,-57.77,-33.18,6.72,5.7,6.11,-6.1,843.11,46.85,10.62,-11.0,,0.14,-99.0,0.06,0.01,1.3,-5.6,4.42,0.001,0.016,-20.694,-0.17,92.2,72.2,30.701,29-Sep-2026,01-Jan-2013,13.7,35.8,50,62,80.6
119360,PineBridge India Liquid Fund- Direct Plan- Growth Option,Debt - Liquid,8.28,5.58,3.31,1.64,8.31,8.14,8.29,8.29,8.36,,,-18.38,,0.05,0.0,,0.02,1.0,-6.8,5.69,0.0,0.0,,-1.06,100.0,,1719.5505,29-Jan-2015,14-Jan-2013,2.0,35.1,51,62,82.3
147937,Indiabulls Liquid Fund - Direct Plan- Growth -Unclaimed Redemption < 3 Yrs,Debt - Liquid,3.2,2.19,1.31,0.65,3.56,3.11,3.25,3.25,3.33,,,-34.77,-19.24,0.12,-0.04,54.75,0.01,0.3,-2.7,2.45,0.0,0.0,,-0.78,100.0,,2047.225,29-Nov-2021,20-Jan-2020,1.9,34.5,52,62,83.9
147939,Indiabulls Liquid Fund - Direct Plan- Growth- Unclaimed Redemption> 3Yrs,Debt - Liquid,3.22,2.19,1.31,0.65,3.56,3.15,3.27,3.27,3.32,,,-34.74,-19.1,0.12,-0.04,54.75,0.01,0.3,-2.7,2.46,0.0,0.0,,-0.78,100.0,,2047.4043,29-Nov-2021,20-Jan-2020,1.9,34.5,52,62,83.9
153570,Unifi Liquid Fund- Direct Growth,Debt - Liquid,5.86,2.5,1.5,0.74,5.88,5.71,5.79,5.79,5.98,,,-16.12,,0.15,0.0,,0.01,1.4,-4.9,4.05,0.001,0.008,-24.5203,0.77,100.0,,1077.824,29-Sep-2026,12-Jun-2025,1.3,34.0,54,62,87.1
153883,THE WEALTH COMPANY LIQUID FUND DIRECT GROWTH,Debt - Liquid,6.25,2.04,1.22,0.61,6.57,6.64,6.64,6.64,,,,-12.96,,0.16,-0.01,204.0,0.01,1.4,-5.2,4.61,0.002,0.016,-9.5765,1.16,,,1063.5915,29-Sep-2026,16-Oct-2025,1.0,33.8,55,62,88.7
154011,Capitalmind Liquid Fund - Direct-Growth,Debt - Liquid,5.38,1.76,1.05,0.53,6.55,,,,,,,-13.64,,0.15,-0.01,176.0,0.01,1.3,-5.0,4.57,0.002,0.025,-9.8263,1.43,,,1055.8996,29-Sep-2026,01-Dec-2025,0.8,31.9,56,62,90.3
154051,Abakkus Liquid Fund - Direct Plan - Growth,Debt - Liquid,4.66,1.53,0.92,0.46,5.95,,,,,,,-25.87,,0.09,-0.01,153.0,0.01,1.1,-4.8,4.13,0.001,0.016,-23.832,1.38,,,104.7368,29-Sep-2026,15-Dec-2025,0.8,31.5,57,62,91.9
118857,Mirae Asset Liquid Fund - Direct Plan - Growth,Debt - Liquid,3.88,1.28,0.76,0.38,7.46,,,,,,,-1.78,,0.18,0.0,,0.02,1.0,-6.0,5.39,0.0,0.001,,0.92,,,1061.7509,30-Jul-2013,18-Jan-2013,0.5,25.7,58,62,93.5
148414,JM Liquid Fund - Unclaimed Application Refund Amount I.E.F. (Direct) - Growth Plan,Debt - Liquid,0.0,0.0,0.0,0.0,0.0,-0.0,-0.0,-0.0,0.0,0.0,0.0,,,0.0,0.0,,0.0,0.0,-0.0,0.0,0.0,,,-0.5,0.0,0.0,41.4437,29-Sep-2026,30-Jun-2020,6.2,19.3,59,62,95.2
148413,JM Liquid Fund - Unclaimed Brokerage I.E.F. (Direct) - Growth Plan,Debt - Liquid,0.0,0.0,0.0,0.0,0.0,-0.0,-0.0,-0.0,0.0,0.0,0.0,,,0.0,0.0,,0.0,0.0,-0.0,0.0,0.0,,,-0.5,0.0,0.0,41.4437,29-Sep-2026,30-Jun-2020,6.2,19.3,59,62,95.2
139259,JM Liquid Fund Unclaimed Redemption IEF (Direct) Growth Plan,Debt - Liquid,0.0,0.0,0.0,0.0,0.0,-0.0,-0.0,-0.0,0.0,0.0,,,,0.0,-0.0,,0.0,0.0,-0.0,0.0,0.0,,,-0.87,0.8,1.4,41.4437,24-Jan-2022,05-Apr-2016,5.8,18.6,61,62,98.4
148415,JM Liquid Fund - Withheld Brokerage I.E.F. (Direct) - Growth Plan,Debt - Liquid,0.0,0.0,0.0,0.0,0.0,-0.0,-0.0,-0.0,0.0,0.0,,,,0.0,0.0,,0.0,0.0,-0.0,0.0,0.0,,,-0.95,0.0,0.0,41.4437,27-Mar-2025,29-Jun-2020,4.7,18.4,62,62,100.0
120525,Religare Invesco GILT Fund - Short Duration Plan - Direct Plan - Growth,Debt - Short Duration,7.39,413.54,166.9,63.37,422.72,6.73,299.08,299.08,1703.7,,,3404891214764.99,2.725541067913505e+16,5895.61,-0.42,984.62,-0.03,3.7602795470827925e+27,-13.7,8427847910015416.0,11.604,0.001,17299124627200.322,0.6,100.0,,1641.5373,22-Dec-2015,02-Jan-2013,3.0,94.2,1,38,2.6
120541,Invesco India Ultra Short Duration Fund - Direct Plan - Growth,Debt - Short Duration,6.73,7.3,6.63,6.73,50.08,6.83,7.15,7.09,261.59,18.52,12.76,3.16,5.55,0.38,-2.69,2.71,0.0,2.4,-9.4,7.67,0.003,0.009,3.9546,0.06,100.0,100.0,3121.8671,29-Sep-2026,02-Jan-2013,13.7,69.9,2,38,5.3
120746,UTI Ultra Short Duration Fund - Direct Plan - Growth Option,Debt - Short Duration,6.64,7.28,6.64,6.54,7.4,6.69,7.08,7.06,7.32,7.09,6.83,3.19,6.4,0.37,-3.61,2.02,0.0,2.3,-9.5,7.65,0.003,0.008,3.8979,0.06,100.0,100.0,4927.5605,29-Sep-2026,02-Jan-2013,13.7,64.0,3,38,7.9
143494,Nippon India Ultra Short Duration Fund- Direct Plan- Growth Option,Debt - Short Duration,6.96,7.53,6.99,5.49,6.6,6.98,7.37,7.35,6.43,6.75,6.73,3.71,7.35,0.39,-5.24,1.44,0.0,2.4,-9.7,7.91,0.003,0.01,4.7825,0.08,100.0,100.0,4831.6175,29-Sep-2026,21-May-2018,8.4,63.6,4,38,10.5
144754,Axis Ultra Short Duration Fund - Direct Plan Growth,Debt - Short Duration,6.77,7.4,6.78,5.41,6.77,6.82,7.21,7.2,6.61,6.31,6.3,3.11,5.41,0.39,-0.81,9.14,0.0,2.4,-9.4,7.7,0.003,0.009,4.0747,0.06,100.0,100.0,16.9598,29-Sep-2026,12-Sep-2018,8.0,63.5,5,38,13.2
143508,Baroda BNP Paribas Ultra Short Duration Fund- Direct Plan- Growth,Debt - Short Duration,6.58,7.19,6.67,5.39,6.51,6.69,7.02,7.03,6.36,6.06,6.04,2.9,6.43,0.37,-1.0,7.19,0.0,2.3,-9.3,7.55,0.003,0.009,3.5699,0.05,100.0,100.0,1691.8002,29-Sep-2026,04-Jun-2018,8.3,63.1,6,38,15.8
119828,SBI ULTRA SHORT DURATION FUND - DIRECT PLAN - GROWTH,Debt - Short Duration,6.43,7.12,6.48,6.57,7.17,6.46,6.91,6.91,7.11,6.91,6.75,2.4,3.3,0.38,-0.95,7.49,-0.0,2.2,-9.3,7.4,0.002,0.005,4.5977,0.04,100.0,100.0,6574.3747,29-Sep-2026,01-Jan-2013,13.7,63.0,7,38,18.4
148529,Mirae Asset Ultra Short Duration Fund Direct Growth,Debt - Short Duration,6.66,7.37,6.7,3.67,6.21,6.72,7.16,7.14,6.41,6.74,,3.18,4.24,0.4,-0.16,46.06,0.0,2.4,-9.4,7.74,0.004,0.013,3.1717,0.07,100.0,100.0,1433.6942,29-Sep-2026,08-Oct-2020,6.0,63.0,7,38,18.4
120560,Invesco India Short Duration Fund - Direct Plan - Growth,Debt - Short Duration,4.87,7.19,6.17,6.8,50.24,4.55,6.46,6.66,263.42,18.72,13.02,1.05,1.41,1.02,-2.82,2.55,-0.08,3.1,-5.8,7.42,0.023,0.082,0.4686,0.06,100.0,100.0,4196.3299,29-Sep-2026,02-Jan-2013,13.7,62.9,9,38,23.7
149539,Sundaram Ultra Short Duration Fund (Formerly Known as Principal Ultra Short Term Fund)- Direct Plan -Growth Option,Debt - Short Duration,6.53,7.23,6.44,3.17,6.81,6.62,7.02,7.1,7.16,7.3,,3.01,6.23,0.37,-0.16,45.19,0.0,2.3,-9.4,7.6,0.002,0.008,5.5745,0.06,100.0,100.0,3170.7322,29-Sep-2026,03-Jan-2022,4.7,62.9,9,38,23.7
147731,Mahindra Manulife Ultra Short Duration Fund - Direct Plan -Growth,Debt - Short Duration,6.61,7.25,6.61,4.32,6.27,6.69,7.06,7.05,6.15,6.24,,3.09,6.78,0.37,-0.5,14.5,0.0,2.3,-9.4,7.62,0.003,0.01,3.7902,0.06,100.0,100.0,1526.5592,29-Sep-2026,18-Oct-2019,6.9,62.8,11,38,28.9
144173,BANDHAN ULTRA SHORT DURATION FUND - DIRECT PLAN GROWTH,Debt - Short Duration,6.49,7.12,6.47,5.24,6.42,6.56,6.93,6.91,6.28,5.92,5.9,2.44,4.19,0.37,-0.89,8.0,-0.0,2.3,-9.2,7.4,0.002,0.007,4.5624,0.04,100.0,100.0,16.6661,29-Sep-2026,19-Jul-2018,8.2,62.6,12,38,31.6
147908,HSBC Ultra Short Duration Fund - Direct Growth,Debt - Short Duration,6.53,7.18,6.56,4.03,6.11,6.6,6.98,6.98,6.07,6.29,,2.77,5.14,0.38,-0.96,7.48,-0.0,2.3,-9.3,7.53,0.003,0.009,3.4852,0.05,100.0,100.0,1485.5652,29-Sep-2026,30-Jan-2020,6.7,62.6,12,38,31.6
148913,ITI Ultra Short Duration Fund - Direct Plan - Growth Option,Debt - Short Duration,6.45,7.04,6.4,3.3,6.19,6.45,6.82,6.82,6.46,6.77,,2.63,5.97,0.35,-0.19,37.05,0.0,2.3,-9.0,7.4,0.003,0.01,3.0739,0.04,100.0,100.0,1383.337,29-Sep-2026,06-May-2021,5.4,62.3,14,38,36.8
147772,LIC MF Ultra Short Duration Fund-Direct Plan-Growth,Debt - Short Duration,6.74,7.2,6.32,3.88,5.72,6.9,7.09,6.88,5.69,5.8,,2.97,5.72,0.37,-1.31,5.5,0.0,2.3,-9.5,7.57,0.002,0.004,5.4253,0.05,100.0,100.0,1464.2478,29-Sep-2026,28-Nov-2019,6.8,62.2,15,38,39.5
119379,BANK OF INDIA Ultra Short Duration Fund- Direct Plan- Growth,Debt - Short Duration,6.47,6.87,6.24,6.45,7.26,6.49,6.79,6.69,7.22,7.02,6.81,1.93,4.13,0.38,-0.76,9.04,0.0,2.2,-9.2,7.23,0.001,0.002,7.3561,0.03,100.0,100.0,3536.0851,29-Sep-2026,03-Jan-2013,13.7,61.9,16,38,42.1
147311,WhiteOak Capital Ultra Short Duration Fund- Direct plan-Growth Option,Debt - Short Duration,6.38,6.97,6.33,4.28,5.91,6.53,6.8,6.78,5.81,5.88,,2.31,5.11,0.37,-0.16,43.56,0.0,2.2,-9.1,7.33,0.002,0.007,4.2254,0.04,100.0,100.0,1522.5182,29-Sep-2026,10-Jun-2019,7.3,61.7,17,38,44.7
120510,Axis Short Duration Fund - Direct Plan - Growth Option,Debt - Short Duration,5.67,7.68,6.75,7.44,8.05,5.48,7.11,7.23,8.16,8.02,7.88,1.55,2.0,0.97,-2.6,2.95,-0.07,3.2,-6.5,7.86,0.022,0.088,0.6931,0.09,100.0,100.0,36.2806,29-Sep-2026,02-Jan-2013,13.7,60.7,18,38,47.4
118407,Bandhan Short Duration Fund - Direct Plan - Growth,Debt - Short Duration,6.12,7.7,6.49,7.12,7.76,6.18,7.17,7.15,7.82,7.64,7.48,1.46,2.07,1.04,-2.55,3.02,-0.07,3.3,-6.1,7.87,0.023,0.081,0.665,0.09,100.0,100.0,65.8875,29-Sep-2026,03-Jan-2013,13.7,60.2,19,38,50.0
118796,Nippon India Short Duration Fund - Direct Plan Growth Plan - Growth Option,Debt - Short Duration,5.44,7.58,6.65,7.26,7.98,5.12,6.92,7.11,8.09,7.92,7.75,1.49,1.94,1.0,-2.85,2.66,-0.07,3.1,-6.8,7.84,0.021,0.076,0.7093,0.09,100.0,100.0,61.5145,29-Sep-2026,02-Jan-2013,13.7,60.2,19,38,50.0
119400,Baroda BNP Paribas Short Duration Fund - Direct Plan - Growth Option,Debt - Short Duration,5.34,7.37,6.5,7.23,7.87,5.35,6.79,7.0,7.97,7.85,7.69,1.34,1.84,0.95,-2.09,3.53,-0.07,3.0,-6.6,7.63,0.02,0.075,0.6361,0.07,100.0,100.0,33.9684,29-Sep-2026,09-Jan-2013,13.7,59.3,21,38,55.3
148729,Mahindra Manulife Short Duration Fund - Direct Plan -Growth,Debt - Short Duration,5.62,7.64,6.61,3.62,6.57,5.48,7.0,7.14,6.79,7.24,,1.62,1.99,0.96,-1.1,6.95,-0.06,3.2,-6.5,7.9,0.021,0.081,0.7375,0.09,100.0,100.0,14.2794,29-Sep-2026,25-Feb-2021,5.6,59.1,22,38,57.9
152825,Franklin India Ultra Short Duration Fund - Direct - Growth,Debt - Short Duration,6.5,4.93,2.93,1.45,7.17,6.48,6.83,6.83,7.15,,,2.42,5.05,0.43,-0.1,49.3,-0.01,2.3,-9.3,7.53,0.002,0.004,5.1429,0.8,100.0,,11.5522,29-Sep-2026,29-Aug-2024,2.1,59.1,22,38,57.9
149587,Sundaram Short Duration Fund (Formerly Known as Principal Short Term Debt Fund)- Direct Plan - Growth Option,Debt - Short Duration,5.38,7.38,6.34,3.12,6.7,5.24,6.76,7.02,7.41,7.66,,1.39,1.97,0.92,-0.67,11.01,-0.06,2.9,-7.1,7.65,0.018,0.064,0.7127,0.07,100.0,100.0,51.3039,29-Sep-2026,03-Jan-2022,4.7,58.2,24,38,63.2
145954,LIC MF Short Duration Fund-Direct Plan-Growth,Debt - Short Duration,5.43,7.45,6.27,5.25,6.92,5.32,6.81,6.9,6.71,6.2,,1.3,1.92,1.03,-2.28,3.27,-0.07,3.1,-6.5,7.69,0.022,0.074,0.613,0.08,100.0,100.0,16.6693,29-Sep-2026,04-Feb-2019,7.6,58.0,25,38,65.8
147675,Nippon India Ultra Short Duration Fund - Segregated Portfolio 1 - Direct Plan - Growth Option,Debt - Short Duration,195.09,30.74,17.45,8.37,73.33,500.0,236.88,236.88,,,,1.65,,224.83,-38.82,0.79,0.0,-3.9,-9194.8,409.94,-0.289,0.001,-12.8699,0.59,4.0,,101.752,12-Mar-2021,25-Sep-2019,1.5,57.9,26,38,68.4
138358,PGIM India Ultra Short Duration Fund - Direct Plan - Growth,Debt - Short Duration,6.27,7.03,6.47,7.2,7.32,6.38,6.8,6.84,7.33,7.27,6.97,2.46,4.71,0.37,-30.29,0.23,0.0,2.3,-9.2,7.38,0.003,0.008,3.0048,0.04,99.6,99.5,38.4555,29-Sep-2026,08-Mar-2016,10.6,57.3,27,38,71.1
142641,Mirae Asset Short Duration Fund - Direct Plan - Growth,Debt - Short Duration,4.95,7.26,6.39,5.91,6.96,4.72,6.57,6.82,7.25,6.76,6.63,1.14,1.4,1.02,-2.2,3.3,-0.07,3.1,-6.0,7.5,0.022,0.078,0.5254,0.06,100.0,100.0,17.8034,29-Sep-2026,19-Mar-2018,8.5,57.1,28,38,73.7
118320,CANARA ROBECO SHORT DURATION FUND - DIRECT PLAN - GROWTH OPTION,Debt - Short Duration,5.26,6.97,6.04,6.83,7.12,5.17,6.44,6.55,7.28,7.19,7.1,1.03,1.45,0.82,-2.15,3.24,-0.05,2.8,-6.4,7.22,0.018,0.077,0.4671,0.04,100.0,100.0,29.5984,29-Sep-2026,02-Jan-2013,13.7,56.8,29,38,76.3
149076,TRUSTMF Short Duration Fund-Direct Plan-Growth,Debt - Short Duration,5.19,7.08,6.21,3.15,6.22,5.27,6.61,6.71,6.68,7.03,,1.03,1.39,0.94,-1.07,6.62,-0.07,2.9,-6.1,7.32,0.021,0.082,0.459,0.05,100.0,100.0,1363.8511,29-Sep-2026,09-Aug-2021,5.1,55.7,30,38,78.9
151067,HSBC Short Duration Fund - Direct Growth,Debt - Short Duration,5.04,7.21,5.42,2.67,7.12,4.87,6.56,6.8,7.6,,,1.09,1.45,1.0,-0.58,12.43,-0.07,3.1,-5.9,7.42,0.023,0.089,0.4712,0.06,100.0,100.0,29.9503,29-Sep-2026,28-Nov-2022,3.8,54.1,31,38,81.6
150545,JM Short Duration Fund (Direct) - Growth,Debt - Short Duration,5.05,7.07,5.58,2.75,6.88,4.92,6.48,6.74,7.38,,,1.02,1.41,0.93,-0.53,13.34,-0.07,3.0,-5.9,7.3,0.022,0.093,0.4344,0.05,100.0,100.0,13.1372,29-Sep-2026,01-Sep-2022,4.1,53.7,32,38,84.2
151365,Edelweiss CRISIL IBX 50:50 Gilt Plus SDL Short Duration Index fund - Direct Plan - Growth,Debt - Short Duration,4.76,7.09,5.13,2.53,7.17,4.26,6.25,6.52,7.64,,,0.94,1.35,1.02,-0.86,8.24,-0.07,3.0,-6.0,7.3,0.023,0.082,0.4169,0.05,100.0,100.0,12.8666,29-Sep-2026,16-Feb-2023,3.6,53.2,33,38,86.8
120718,UTI Short Duration Fund - Direct Plan - Growth Option,Debt - Short Duration,5.09,7.26,6.57,6.32,7.31,4.93,6.52,6.86,7.38,7.09,6.74,1.23,1.63,0.94,-13.16,0.55,-0.07,2.8,-7.1,7.52,0.018,0.063,0.6392,0.06,92.2,100.0,36.039,29-Sep-2026,04-Jan-2013,13.7,53.1,34,38,89.5
120458,JM Ultra Short Duration Fund - (Direct) - Growth Option,Debt - Short Duration,5.85,4.76,6.26,5.63,7.34,9.65,4.77,5.35,7.01,7.49,7.45,-0.36,-0.13,4.1,-5.5,0.87,-0.01,1.4,-2.0,4.99,0.004,0.0,-3.7221,-0.03,91.2,100.0,27.5938,25-Sep-2020,02-Jan-2013,7.7,45.0,35,38,92.1
120062,HSBC Short Duration Fund - Direct Growth,Debt - Short Duration,3.01,4.51,4.05,6.35,6.42,3.49,4.28,4.06,6.54,6.36,6.28,-0.2,-0.15,7.46,-10.15,0.44,-0.1,0.8,-2.8,4.71,0.016,0.002,-0.9521,-0.5,94.4,100.0,35.6582,25-Nov-2022,04-Jan-2013,9.9,40.9,36,38,94.7
138270,PGIM India Short Duration Fund - Direct Plan - Growth,Debt - Short Duration,6.73,4.94,4.77,4.48,5.97,6.51,5.21,5.21,5.59,5.05,,-1.69,-1.93,0.8,-36.31,0.14,-0.05,1.3,-4.2,5.04,0.005,0.007,-2.7141,-1.05,93.0,99.2,42.8534,29-Sep-2023,08-Mar-2016,7.6,33.9,37,38,97.4
154109,Zerodha Nifty Short Duration G-Sec Index Fund - Direct Plan - Growth Option,Debt - Short Duration,2.37,0.78,0.47,0.23,3.44,,,,,,,-1.95,-2.98,1.49,-0.96,0.81,-0.14,2.6,3.3,4.09,0.047,0.209,-0.6201,1.0,,,1025.3573,29-Sep-2026,19-Jan-2026,0.7,28.1,38,38,100.0
133386,Motilal Oswal ELSS Tax Saver Fund - Direct Plan - Growth Option,ELSS,9.57,20.44,16.83,16.71,17.19,13.73,12.48,18.47,19.27,18.19,17.26,0.88,1.12,19.31,-37.72,0.54,-1.98,119.5,95.6,14.96,1.041,0.513,0.1629,1.05,78.5,96.7,64.4235,29-Sep-2026,22-Jan-2015,11.7,81.0,1,45,2.2
120847,quant ELSS Tax Saver Fund - Growth Option - Direct Plan,ELSS,10.57,14.32,14.75,19.63,19.52,10.99,8.31,13.51,25.23,23.35,23.19,0.59,0.74,16.8,-36.12,0.4,-1.74,117.6,99.0,8.3,1.059,0.702,0.094,0.91,83.6,98.8,452.2621,29-Sep-2026,07-Jan-2013,13.7,75.0,2,45,4.4
147541,ITI ELSS Tax Saver Fund - Direct Plan - Growth Option,ELSS,4.33,15.78,12.52,10.86,16.04,5.94,7.57,14.06,21.29,20.36,,0.66,0.83,17.72,-38.49,0.41,-1.92,132.4,101.1,9.4,1.127,0.715,0.1039,1.03,85.2,100.0,28.2128,29-Sep-2026,25-Oct-2019,6.9,74.9,3,45,6.7
120494,JM ELSS Tax Saver Fund (Direct) - Growth Option,ELSS,7.73,15.67,13.44,15.61,16.55,9.95,9.1,14.33,20.07,17.9,17.31,0.69,0.84,16.24,-37.39,0.42,-1.75,115.0,97.7,9.53,1.059,0.751,0.1065,1.17,81.8,98.6,59.2336,29-Sep-2026,02-Jan-2013,13.7,74.2,4,45,8.9
120079,HSBC Tax Saver Equity Fund - Growth Direct,ELSS,1.64,17.88,16.61,14.97,14.59,-1.35,12.32,14.31,18.39,15.17,14.49,0.94,1.14,13.99,-37.88,0.47,-1.44,102.7,96.6,5.41,1.006,0.744,0.1311,0.76,83.3,95.4,101.2359,23-Jan-2026,02-Jan-2013,13.1,74.0,5,45,11.1
151078,HSBC ELSS Tax saver Fund - Direct Growth,ELSS,3.94,15.1,11.71,5.69,15.53,3.43,7.69,11.83,20.43,,,0.64,0.8,16.74,-19.21,0.79,-1.73,123.9,99.9,8.73,1.103,0.767,0.0977,1.11,95.3,100.0,151.0283,29-Sep-2026,28-Nov-2022,3.8,69.7,6,45,13.3
150587,WhiteOak Capital ELSS Tax Saver Fund Direct Plan Growth,ELSS,2.96,15.21,13.03,6.31,16.76,2.56,7.76,12.55,21.3,,,0.73,0.89,14.31,-16.36,0.93,-1.49,97.4,93.5,9.46,0.966,0.804,0.1081,1.39,98.1,100.0,18.556,29-Sep-2026,17-Oct-2022,4.0,68.8,7,45,15.6
118946,DWS Tax Saving Fund - Direct Plan - Growth,ELSS,-11.3,17.19,8.83,4.32,14.4,-12.31,11.12,11.5,25.62,,,0.79,1.09,16.2,-16.08,1.07,-1.66,99.5,97.3,7.38,0.96,0.943,0.1333,1.71,90.3,,20.95,02-Mar-2016,08-Jan-2013,3.1,67.5,8,45,17.8
150159,BARODA BNP PARIBAS ELSS Tax Saver Fund - Direct Plan - Growth Option,ELSS,2.94,14.08,12.15,5.9,13.45,-1.71,5.67,11.5,18.71,,,0.63,0.77,14.79,-17.34,0.81,-1.6,102.9,95.7,8.16,1.0,0.807,0.0934,1.21,96.2,100.0,108.8548,29-Sep-2026,14-Mar-2022,4.5,67.1,9,45,20.0
119723,SBI ELSS Tax Saver FUND - DIRECT PLAN -GROWTH,ELSS,-4.13,12.34,13.86,13.47,14.65,-9.67,1.3,11.56,18.61,16.51,15.5,0.54,0.67,13.2,-38.2,0.32,-1.3,91.5,93.6,6.77,0.928,0.862,0.0785,1.21,83.6,96.4,444.2518,29-Sep-2026,02-Jan-2013,13.7,66.7,10,45,22.2
119351,BANK OF INDIA ELSS Tax Saver -Direct Plan- Growth,ELSS,4.09,11.51,11.18,15.81,16.45,2.45,3.97,10.87,19.91,18.16,18.1,0.41,0.47,17.45,-31.69,0.36,-1.76,111.9,99.2,5.5,1.085,0.683,0.0658,0.6,77.4,100.0,190.53,29-Sep-2026,02-Jan-2013,13.7,66.5,11,45,24.4
118620,Edelweiss ELSS Tax Saver Fund - Direct Plan-Growth Option,ELSS,2.64,12.3,11.06,12.65,14.13,-3.03,4.98,10.53,16.74,14.8,14.27,0.51,0.65,14.54,-36.8,0.33,-1.51,110.7,98.8,6.17,1.031,0.886,0.0721,1.26,84.7,97.7,131.75,29-Sep-2026,24-Jan-2013,13.7,66.3,12,45,26.7
119242,DSP ELSS Tax Saver Fund - Direct Plan - Growth,ELSS,-3.27,11.87,11.03,14.09,15.97,-8.4,2.31,9.96,19.9,17.97,17.28,0.49,0.61,14.17,-37.16,0.32,-1.39,101.1,96.7,5.85,1.006,0.891,0.0687,1.23,85.9,98.6,147.254,29-Sep-2026,02-Jan-2013,13.7,66.1,13,45,28.9
135781,Mirae Asset ELSS Tax Saver Fund - Direct Plan - Growth,ELSS,-0.35,11.09,10.07,15.98,17.07,-4.6,4.19,9.72,19.94,18.49,19.56,0.43,0.54,14.11,-37.81,0.29,-1.4,102.3,97.5,5.14,0.998,0.884,0.061,1.04,89.2,99.8,54.613,29-Sep-2026,29-Dec-2015,10.8,65.5,14,45,31.1
132756,Tata ELSS Fund-Growth-Direct Plan,ELSS,3.85,11.68,11.42,13.61,14.82,0.08,5.73,10.73,15.84,15.76,15.55,0.46,0.57,14.66,-36.77,0.32,-1.56,103.0,97.2,5.64,1.021,0.857,0.0666,1.01,87.4,98.3,52.1074,29-Sep-2026,14-Oct-2014,12.0,65.3,15,45,33.3
119060,HDFC ELSS Tax saver - Growth Option - Direct Plan,ELSS,-6.97,11.86,13.15,12.65,13.59,-10.07,1.64,10.46,17.82,15.29,14.31,0.53,0.71,12.48,-44.14,0.27,-1.2,86.5,92.4,6.36,0.902,0.922,0.0737,1.48,79.5,92.3,1418.892,29-Sep-2026,01-Jan-2013,13.7,63.6,16,45,35.6
120416,Invesco India ELSS Tax Saver Fund - Direct Plan - Growth,ELSS,0.09,11.58,9.35,13.42,15.68,2.68,4.38,9.9,18.69,16.59,16.08,0.45,0.56,14.85,-35.82,0.32,-1.59,99.5,96.3,5.81,0.988,0.782,0.0681,0.8,81.1,99.8,146.49,29-Sep-2026,02-Jan-2013,13.7,63.6,16,45,35.6
119773,Kotak ELSS Tax Saver Fund-Growth - Direct,ELSS,0.45,10.27,11.25,13.87,14.68,-1.13,3.52,9.68,18.44,16.97,16.57,0.37,0.45,14.47,-36.43,0.28,-1.48,103.4,98.2,4.31,1.011,0.861,0.0523,0.8,84.7,98.6,134.111,29-Sep-2026,02-Jan-2013,13.7,63.5,18,45,40.0
131739,Aditya Birla Sun Life Tax Savings Fund - Direct Plan - Growth Option,ELSS,19.06,13.86,12.19,5.92,17.35,13.11,17.62,16.47,15.07,,,0.69,0.83,12.46,-17.61,0.79,-1.22,78.3,89.6,6.22,0.866,0.819,0.0988,0.86,89.0,100.0,74.58,18-May-2018,13-Oct-2014,3.6,62.8,19,45,42.2
118285,CANARA ROBECO ELSS TAX SAVER - DIRECT PLAN - GROWTH OPTION,ELSS,-1.21,10.49,9.37,14.28,14.46,-4.36,3.25,8.68,17.6,16.18,16.46,0.4,0.5,13.63,-34.27,0.31,-1.41,96.9,96.4,4.7,0.969,0.892,0.0556,0.97,87.8,100.0,192.36,29-Sep-2026,02-Jan-2013,13.7,62.6,20,45,44.4
118803,Nippon India ELSS Tax Saver Fund - Direct Plan Growth Plan - Growth Option,ELSS,-0.72,11.36,11.1,10.31,13.33,-3.71,3.59,10.09,18.87,14.21,12.61,0.44,0.55,14.54,-51.86,0.22,-1.54,101.8,97.1,5.38,1.012,0.856,0.0637,0.96,75.6,89.5,138.8935,29-Sep-2026,02-Jan-2013,13.7,61.5,21,45,46.7
134045,Baroda ELSS 96 Plan B(Direct) -Growth Option,ELSS,19.41,17.32,12.18,6.46,9.32,9.49,24.46,15.94,14.19,7.9,,0.66,0.72,21.06,-39.02,0.44,-1.8,78.2,96.1,3.99,0.913,0.928,0.1532,0.42,70.9,85.4,75.3119,13-Mar-2022,05-Mar-2015,7.0,60.4,22,45,48.9
120592,ICICI Prudential ELSS Tax Saver Fund - Direct Plan - Growth,ELSS,-3.34,10.3,9.18,12.18,14.3,-5.71,2.96,8.6,17.75,15.38,14.94,0.4,0.54,12.7,-37.51,0.27,-1.27,88.1,93.9,4.86,0.903,0.894,0.056,0.94,88.3,98.0,1002.39,29-Sep-2026,02-Jan-2013,13.7,60.4,22,45,48.9
118540,Franklin India ELSS Tax Saver Fund - Direct - Growth,ELSS,-5.16,9.45,10.63,12.12,14.33,-8.56,0.25,8.51,18.08,15.95,15.06,0.32,0.41,13.55,-38.99,0.24,-1.33,95.7,96.7,3.61,0.977,0.918,0.0439,0.87,82.9,95.0,1528.2527,29-Sep-2026,01-Jan-2013,13.7,60.0,24,45,53.3
135654,Navi ELSS Tax Saver Fund- Direct Plan- Growth Option,ELSS,5.93,12.82,12.68,12.75,12.19,-4.46,4.4,8.64,14.4,13.26,14.15,0.59,0.76,13.06,-37.77,0.34,-1.33,88.3,95.5,2.29,0.913,0.81,0.0846,0.21,81.6,96.3,32.8119,10-Apr-2026,31-Dec-2015,10.3,59.8,25,45,55.6
119916,ING Tax Savings Fund - Direct Plan - Growth Option,ELSS,41.12,10.88,6.39,3.15,19.18,44.45,33.2,33.2,25.66,,,0.93,1.42,15.71,-17.1,0.64,-1.61,96.4,99.1,1.06,0.959,0.947,0.1527,0.07,97.6,,42.11,09-Oct-2014,02-Jan-2013,1.8,59.6,26,45,57.8
118866,Taurus ELSS Tax Saver Fund - Direct Plan - Growth,ELSS,-1.15,10.29,10.28,12.43,12.54,1.68,3.43,9.47,15.37,14.47,14.1,0.38,0.5,13.7,-35.05,0.29,-1.3,87.9,93.8,4.88,0.917,0.792,0.0566,0.66,83.6,99.5,197.76,29-Sep-2026,02-Jan-2013,13.7,59.4,27,45,60.0
119307,Union ELSS Tax Saver Fund - Direct Plan - Growth Option,ELSS,-1.2,9.46,9.67,12.4,12.8,-2.88,3.23,8.82,15.43,13.91,13.94,0.31,0.38,14.22,-35.36,0.27,-1.44,95.7,96.6,3.62,0.991,0.858,0.0445,0.65,83.5,98.2,69.28,29-Sep-2026,02-Jan-2013,13.7,58.4,28,45,62.2
118473,BANDHAN ELSS Tax Saver Fund - Direct Plan - Growth,ELSS,-0.12,8.64,10.67,14.59,16.02,-4.18,2.47,8.72,19.97,17.61,17.37,0.25,0.33,12.55,-42.6,0.2,-1.25,85.4,94.2,3.2,0.906,0.91,0.0366,0.63,83.0,96.3,172.324,29-Sep-2026,02-Jan-2013,13.7,58.2,29,45,64.4
119544,Aditya Birla Sun Life ELSS Tax Saver Fund - Growth - Direct Plan,ELSS,-1.73,9.89,7.31,10.04,13.17,-5.68,3.25,7.92,16.29,13.83,12.89,0.35,0.45,13.5,-35.12,0.28,-1.44,94.0,96.0,4.12,0.965,0.903,0.0492,0.9,82.4,99.6,65.89,29-Sep-2026,02-Jan-2013,13.7,57.6,30,45,66.7
120503,Axis ELSS Tax Saver Fund - Direct Plan - Growth Option,ELSS,-1.5,9.55,5.02,11.61,15.27,-3.15,2.88,6.95,18.46,15.4,14.99,0.32,0.43,13.39,-33.51,0.28,-1.44,92.2,95.7,4.02,0.932,0.847,0.0471,0.65,82.9,100.0,105.836,29-Sep-2026,02-Jan-2013,13.7,56.7,31,45,68.9
135601,PGIM India ELSS Tax Saver Fund - Direct Plan - Growth Option,ELSS,-0.71,8.59,9.32,12.82,13.42,-0.5,3.43,7.93,15.76,15.33,16.82,0.25,0.33,13.3,-36.67,0.23,-1.41,89.6,95.5,3.07,0.93,0.864,0.0361,0.51,86.7,97.8,38.98,29-Sep-2026,14-Dec-2015,10.8,56.7,31,45,68.9
120270,LIC MF ELSS Tax Saver-Direct Plan-Growth,ELSS,-3.76,9.1,8.55,11.79,13.2,-4.12,1.92,7.85,16.03,14.3,14.05,0.29,0.38,13.76,-35.69,0.25,-1.37,91.6,95.7,3.5,0.949,0.839,0.0416,0.55,77.9,99.1,165.6983,29-Sep-2026,02-Jan-2013,13.7,56.2,33,45,73.3
147481,Parag Parikh ELSS Tax Saver Fund- Direct Growth,ELSS,-10.07,8.11,9.97,11.82,16.84,-11.61,-0.82,7.22,21.9,21.33,,0.23,0.31,11.26,-29.54,0.27,-1.14,66.1,87.0,3.4,0.779,0.845,0.033,0.34,92.0,100.0,30.5992,29-Sep-2026,26-Jul-2019,7.2,56.0,34,45,75.6
111549,Quantum ELSS Tax Saver Fund - Direct Plan Growth Option,ELSS,-7.85,8.54,8.82,10.06,14.93,-12.3,-1.45,6.71,16.18,14.01,13.73,0.26,0.36,12.33,-39.62,0.22,-1.19,80.5,92.6,3.3,0.872,0.884,0.0363,0.52,80.7,96.0,117.89,29-Sep-2026,31-Dec-2008,17.7,53.5,35,45,77.8
149570,Sundaram ELSS Tax Saver Fund Direct Plan Growth,ELSS,-5.87,7.53,7.94,3.89,8.4,-9.64,0.12,6.25,13.4,14.36,,0.17,0.22,13.2,-16.66,0.45,-1.39,90.9,96.6,1.86,0.951,0.918,0.0234,0.39,86.7,100.0,508.6169,29-Sep-2026,03-Jan-2022,4.7,52.7,36,45,80.0
139781,Mahindra Manulife ELSS Tax Saver Fund - Direct Plan -Growth,ELSS,-6.03,6.88,8.5,11.97,12.04,-9.79,-0.19,6.65,14.49,15.45,16.7,0.12,0.15,13.3,-35.89,0.19,-1.39,90.9,97.0,1.19,0.959,0.918,0.0163,0.23,81.6,93.4,31.052,29-Sep-2026,19-Oct-2016,9.9,52.2,37,45,82.2
141808,Groww ELSS Tax Saver Fund (formerly known as Indiabulls Tax Savings Fund)- Direct Plan- Growth Option,ELSS,-6.84,8.01,7.78,7.58,8.7,-8.99,-0.93,6.13,12.51,14.92,14.48,0.2,0.26,14.5,-34.63,0.23,-1.57,97.1,97.9,2.16,1.002,0.843,0.0292,0.37,73.8,100.0,20.84,29-Sep-2026,29-Dec-2017,8.8,51.9,38,45,84.4
120715,UTI ELSS Tax Saver Fund - Direct Plan - Growth Option,ELSS,-4.73,7.22,6.69,11.41,12.57,-8.18,-0.02,5.79,15.59,14.15,14.02,0.14,0.2,13.05,-35.06,0.21,-1.35,89.1,96.3,1.7,0.929,0.895,0.0203,0.28,80.8,98.2,215.9908,29-Sep-2026,02-Jan-2013,13.7,51.4,39,45,86.7
145819,Shriram ELSS Tax Saver Fund - Direct Growth,ELSS,-2.61,6.07,6.45,8.49,11.23,-6.33,-1.69,4.9,13.87,14.91,15.16,0.07,0.08,15.65,-29.78,0.2,-1.52,95.0,98.4,0.33,1.019,0.749,0.0107,0.06,73.6,100.0,22.6114,29-Sep-2026,01-Feb-2019,7.7,48.4,40,45,88.9
153201,BAJAJ FINSERV ELSS - TAX SAVER FUND - DIRECT - GROWTH,ELSS,3.36,4.46,2.65,1.32,8.25,-0.1,2.95,2.95,6.08,,,0.23,0.31,13.16,-13.51,0.33,-1.33,90.1,91.5,9.51,0.899,0.81,0.0331,1.54,94.1,,11.435,29-Sep-2026,03-Feb-2025,1.7,46.1,41,45,91.1
151471,NAVI ELSS TAX SAVER NIFTY 50 INDEX FUND - DIRECT PLAN GROWTH,ELSS,-6.99,6.13,6.55,3.22,9.41,-12.21,-1.39,1.41,10.5,,,0.06,0.08,13.29,-15.48,0.4,-1.35,100.2,99.9,0.17,1.0,1.0,0.0078,3.55,80.3,100.0,13.8278,29-Sep-2026,21-Mar-2023,3.5,45.9,42,45,93.3
151165,360 ONE ELSS Tax Saver Nifty 50 Index Fund - Direct Plan - Growth,ELSS,-6.93,6.12,5.2,2.57,7.01,-12.19,-1.39,1.94,11.56,,,0.06,0.08,13.23,-15.39,0.4,-1.35,99.2,99.7,0.18,0.995,1.0,0.0076,1.42,81.1,100.0,12.9254,29-Sep-2026,02-Jan-2023,3.7,45.5,43,45,95.6
151611,NJ ELSS Tax Saver Fund Direct Growth,ELSS,-2.79,8.74,7.31,3.59,11.36,-2.71,0.48,2.52,8.98,,,0.26,0.33,14.33,-22.8,0.38,-1.57,77.1,91.0,3.93,0.85,0.622,0.0431,0.31,55.5,100.0,14.26,29-Sep-2026,19-Jun-2023,3.3,43.6,44,45,97.8
150838,Samco ELSS Tax Saver Fund - Direct Plan - Growth Option,ELSS,3.23,3.93,6.5,3.2,8.75,8.41,1.27,4.05,7.73,,,-0.04,-0.05,17.92,-29.64,0.13,-2.03,82.5,95.9,-1.14,0.982,0.531,-0.0076,-0.1,53.5,100.0,13.74,29-Sep-2026,29-Dec-2022,3.8,35.7,45,45,100.0
148404,BANK OF INDIA Flexi Cap Fund Direct Plan -Growth,Flexi Cap,12.05,18.37,16.49,15.34,25.67,13.4,11.38,17.08,25.07,24.77,,0.81,0.91,17.78,-23.73,0.77,-1.8,121.3,97.4,12.21,1.094,0.669,0.132,1.18,83.9,100.0,41.83,29-Sep-2026,01-Jul-2020,6.2,81.5,1,52,1.9
149763,Invesco India Flexi Cap Fund - Direct Plan - Growth,Flexi Cap,0.15,16.3,14.8,7.15,16.13,2.59,7.57,14.27,21.28,22.15,,0.76,0.98,15.65,-19.4,0.84,-1.64,114.2,97.2,10.22,1.034,0.772,0.1142,1.33,94.2,100.0,19.96,29-Sep-2026,16-Feb-2022,4.6,77.2,2,52,3.8
148990,ICICI Prudential Flexicap Fund - Direct Plan - Growth,Flexi Cap,3.71,15.2,14.34,7.7,15.34,4.23,8.83,13.95,17.85,19.94,,0.73,1.0,14.33,-19.71,0.77,-1.51,100.6,94.4,9.54,0.953,0.781,0.1094,1.3,98.6,100.0,20.99,29-Sep-2026,19-Jul-2021,5.2,74.9,3,52,5.8
151379,ITI Flexi Cap Fund- Direct Plan- Growth,Flexi Cap,13.1,18.08,15.88,7.65,22.72,14.53,12.09,15.53,21.37,,,0.84,1.01,16.51,-21.44,0.84,-1.72,123.2,98.2,11.83,1.074,0.749,0.1293,1.4,89.7,100.0,20.7426,29-Sep-2026,22-Feb-2023,3.6,74.9,3,52,5.8
120843,quant Flexi Cap Fund - Growth Option-Direct Plan,Flexi Cap,10.76,14.86,14.17,18.77,18.23,10.59,7.93,13.84,24.88,21.7,21.36,0.62,0.79,16.87,-41.28,0.36,-1.77,118.5,98.9,8.92,1.049,0.682,0.1004,0.93,77.1,97.1,118.6974,29-Sep-2026,07-Jan-2013,13.7,74.4,5,52,9.6
128236,IDBI FLEXI CAP FUND Growth Direct,Flexi Cap,14.99,24.31,13.5,15.69,16.94,17.04,17.04,17.48,14.94,13.23,11.6,1.32,1.7,14.87,-34.04,0.71,-1.59,81.9,94.2,4.46,0.917,0.893,0.2142,0.53,80.2,97.9,42.88,28-Jul-2023,04-Apr-2014,9.3,72.7,6,52,11.5
129046,Motilal Oswal Flexi cap Fund Direct Plan-Growth Option,Flexi Cap,3.34,17.27,12.38,12.48,16.84,8.47,8.63,14.55,16.34,14.82,12.89,0.77,1.05,16.91,-37.1,0.47,-1.73,115.2,96.7,11.68,0.997,0.614,0.1312,1.05,74.7,96.3,68.7615,29-Sep-2026,29-Apr-2014,12.4,72.6,7,52,13.5
120492,JM Flexicap Fund (Direct) - Growth Option,Flexi Cap,1.28,13.7,14.65,15.66,16.42,4.14,4.49,13.42,20.55,18.84,17.93,0.57,0.69,15.92,-34.95,0.39,-1.64,110.2,97.7,7.69,1.04,0.754,0.088,0.97,78.0,98.8,112.015,29-Sep-2026,02-Jan-2013,13.7,72.2,8,52,15.4
120046,HSBC Flexi Cap Fund - Direct Growth,Flexi Cap,5.82,14.98,12.66,12.93,14.78,6.46,8.33,13.31,18.07,15.38,14.46,0.66,0.83,15.83,-39.79,0.38,-1.64,118.6,98.9,8.74,1.065,0.799,0.0983,1.24,80.6,95.9,255.7313,29-Sep-2026,02-Jan-2013,13.7,71.8,9,52,17.3
118955,HDFC Flexi Cap Fund - Growth Option - Direct Plan,Flexi Cap,-0.89,14.75,15.72,15.32,15.59,-3.11,6.29,13.72,19.75,17.23,16.61,0.8,1.04,12.06,-41.84,0.35,-1.15,82.8,88.9,9.41,0.867,0.913,0.1109,2.04,83.2,95.0,2172.708,29-Sep-2026,01-Jan-2013,13.7,70.5,10,52,19.2
140353,Edelweiss Flexi Cap Fund - Direct Plan - Growth Option,Flexi Cap,0.0,13.29,11.87,15.66,15.94,-4.94,4.26,11.06,17.5,17.49,18.11,0.58,0.72,14.71,-36.1,0.37,-1.48,112.9,98.7,7.07,1.041,0.883,0.0816,1.41,86.8,98.6,43.528,29-Sep-2026,28-Nov-2016,9.8,70.3,11,52,21.2
148921,Aditya Birla Sun Life Multi-Cap Fund-Direct Growth,Flexi Cap,8.21,13.72,12.51,8.21,15.77,9.56,9.16,13.12,14.8,17.96,,0.61,0.75,14.63,-19.95,0.69,-1.59,96.8,94.2,7.99,0.972,0.781,0.0919,1.09,89.5,100.0,22.28,29-Sep-2026,10-May-2021,5.4,69.7,12,52,23.1
120564,Aditya Birla Sun Life Flexi Cap Fund - Growth - Direct Plan,Flexi Cap,7.07,14.08,10.94,13.2,15.86,3.86,8.59,12.42,19.36,16.6,15.74,0.68,0.88,13.41,-38.59,0.36,-1.37,99.9,95.0,8.23,0.961,0.907,0.0947,1.86,85.1,97.9,2120.69,29-Sep-2026,02-Jan-2013,13.7,68.9,13,52,25.0
151796,360 ONE FLEXICAP FUND-DIRECT PLAN- GROWTH,Flexi Cap,9.74,16.63,10.92,5.32,17.38,13.13,10.56,11.68,15.55,,,0.79,0.99,15.28,-18.12,0.92,-1.59,104.9,94.6,10.75,1.0,0.756,0.121,1.35,87.2,100.0,16.8702,29-Sep-2026,06-Jul-2023,3.2,67.6,14,52,26.9
150346,WhiteOak Capital Flexi Cap Fund Direct Plan-Growth,Flexi Cap,2.86,13.73,12.94,6.27,15.76,1.52,7.03,11.91,19.84,,,0.64,0.79,13.83,-15.59,0.88,-1.44,93.4,93.2,8.01,0.955,0.842,0.0923,1.34,98.8,100.0,18.402,29-Sep-2026,03-Aug-2022,4.2,66.9,15,52,28.8
120757,UTI Bluechip Flexicap Fund - Direct Plan - Growth Option,Flexi Cap,24.33,12.71,16.65,7.9,15.34,25.21,19.36,16.9,17.5,12.59,,0.55,0.67,13.69,-21.91,0.58,-1.39,86.0,93.8,3.94,0.949,0.848,0.0798,0.62,85.0,100.0,35.8696,02-May-2018,02-Jan-2013,5.3,66.2,16,52,30.8
152135,Helios Flexi Cap Fund - Direct Plan - Growth Option,Flexi Cap,3.45,15.14,8.83,4.32,15.87,3.48,8.62,8.62,11.17,,,0.7,0.84,16.4,-18.23,0.83,-1.7,118.5,98.4,9.65,1.071,0.765,0.1069,1.21,100.0,,15.6,29-Sep-2026,15-Nov-2023,2.9,65.5,17,52,32.7
122639,Parag Parikh Flexi Cap Fund - Direct Plan - Growth,Flexi Cap,-3.95,12.39,11.12,16.79,17.78,-5.98,3.65,10.58,20.18,19.01,19.06,0.7,0.96,9.85,-31.2,0.4,-1.03,53.8,76.2,8.42,0.651,0.772,0.1055,0.86,89.8,100.0,88.7188,29-Sep-2026,28-May-2013,13.3,65.3,18,52,34.6
151895,Bajaj Finserv Flexi Cap Fund-Direct Plan-Growth,Flexi Cap,5.43,15.9,9.45,4.62,15.56,4.1,9.13,9.88,14.94,,,0.82,1.01,13.45,-17.53,0.91,-1.44,91.3,91.1,10.47,0.903,0.796,0.122,1.5,98.2,,15.733,29-Sep-2026,16-Aug-2023,3.1,65.1,19,52,36.5
141925,Axis Flexi Cap Fund - Direct Plan - Growth,Flexi Cap,4.51,13.2,8.42,11.81,13.45,6.4,7.8,10.48,15.09,15.89,15.01,0.57,0.72,14.24,-29.87,0.44,-1.45,96.8,94.6,7.43,0.972,0.814,0.0857,1.13,83.7,100.0,30.56,29-Sep-2026,24-Nov-2017,8.8,65.0,20,52,38.5
143793,Navi Flexi Cap Fund - Direct Plan - Growth,Flexi Cap,9.65,11.05,10.95,11.01,13.55,8.44,8.3,11.31,15.86,17.32,17.15,0.43,0.57,14.18,-37.89,0.29,-1.46,97.3,96.1,5.39,0.96,0.81,0.0631,0.8,87.0,100.0,28.4719,29-Sep-2026,10-Jul-2018,8.2,63.1,21,52,40.4
120166,Kotak Flexicap Fund - Growth - Direct,Flexi Cap,-2.23,10.41,9.9,12.74,15.04,-6.87,3.05,9.1,18.4,16.43,15.73,0.37,0.46,14.58,-37.31,0.28,-1.53,103.5,98.1,4.32,1.03,0.882,0.053,0.88,88.6,98.8,92.343,29-Sep-2026,04-Jan-2013,13.7,62.8,22,52,42.3
118275,CANARA ROBECO FLEXICAP FUND - DIRECT PLAN - GROWTH OPTION,Flexi Cap,-2.7,10.63,8.87,13.71,13.6,-4.83,3.43,8.6,16.54,15.22,15.49,0.41,0.53,13.58,-33.24,0.32,-1.39,99.1,96.9,4.77,0.976,0.913,0.0566,1.12,84.2,100.0,371.24,29-Sep-2026,02-Jan-2013,13.7,62.0,23,52,44.2
151412,Mirae Asset Flexi Cap Fund - Direct Plan - Growth,Flexi Cap,2.14,11.61,10.57,5.15,15.04,-0.85,5.85,8.76,15.8,,,0.47,0.59,14.19,-16.11,0.72,-1.48,101.7,97.0,5.7,0.994,0.867,0.0669,1.06,98.5,100.0,16.532,29-Sep-2026,27-Feb-2023,3.6,61.6,24,52,46.2
118535,Franklin India Flexi Cap Fund - Direct - Growth,Flexi Cap,-4.38,9.72,10.71,12.86,14.88,-8.37,0.77,8.75,18.73,16.63,15.84,0.34,0.44,13.5,-37.72,0.26,-1.36,95.1,96.4,3.9,0.972,0.916,0.047,0.92,84.8,95.9,1706.1971,29-Sep-2026,01-Jan-2013,13.7,61.1,25,52,48.1
149104,Mahindra Manulife Flexi Cap Fund - Direct Plan -Growth,Flexi Cap,-2.09,9.37,10.51,5.35,10.77,-4.11,2.58,9.27,14.95,17.08,,0.31,0.39,13.68,-17.24,0.54,-1.41,97.4,97.3,3.57,0.975,0.898,0.0434,0.76,88.8,100.0,16.8564,29-Sep-2026,25-Aug-2021,5.1,60.4,26,52,50.0
119292,Union Flexi Cap Fund - Direct Plan - Growth Option,Flexi Cap,1.44,10.39,9.75,12.89,12.78,0.71,4.59,9.65,15.39,13.95,14.1,0.38,0.46,14.16,-35.36,0.29,-1.48,95.1,95.9,4.58,0.983,0.852,0.0546,0.8,81.2,98.4,57.17,29-Sep-2026,02-Jan-2013,13.7,60.1,27,52,51.9
119076,DSP Flexi Cap Fund - Direct Plan - Growth,Flexi Cap,-1.69,9.81,9.03,13.24,14.07,-4.17,2.98,9.18,18.05,16.09,15.77,0.33,0.43,14.25,-35.71,0.27,-1.49,93.0,95.7,4.09,0.974,0.825,0.049,0.64,79.4,99.8,110.929,29-Sep-2026,02-Jan-2013,13.7,59.5,28,52,53.8
150387,Baroda BNP Paribas Flexi Cap Fund - Direct Plan - Growth Option,Flexi Cap,2.22,11.38,10.21,4.98,12.57,-1.68,3.87,8.76,17.15,,,0.44,0.52,15.05,-20.4,0.56,-1.56,99.9,96.5,5.54,1.003,0.785,0.0654,0.78,90.7,100.0,16.1054,29-Sep-2026,22-Aug-2022,4.1,59.3,29,52,55.8
133839,PGIM India Flexi Cap Fund - Direct Plan - Growth Option,Flexi Cap,0.57,9.99,7.56,14.14,13.31,0.03,4.75,8.29,16.4,16.32,17.61,0.36,0.47,13.62,-36.45,0.27,-1.42,93.8,95.8,4.39,0.944,0.849,0.0516,0.73,80.6,98.7,42.32,29-Sep-2026,09-Mar-2015,11.6,59.1,30,52,57.7
118883,Taurus Flexi Cap Fund - Direct Plan - Growth,Flexi Cap,8.29,11.05,9.98,9.56,10.32,13.3,6.86,10.53,12.8,10.97,10.21,0.41,0.52,14.91,-40.99,0.27,-1.49,104.9,98.1,5.08,1.02,0.826,0.0606,0.82,72.8,93.0,248.89,29-Sep-2026,02-Jan-2013,13.7,58.8,31,52,59.6
149094,Nippon India Flexi Cap Fund - Direct Plan - Growth Plan - Growth Option,Flexi Cap,-1.51,9.26,10.13,5.47,10.97,-3.0,2.49,8.92,14.06,16.39,,0.29,0.36,14.68,-19.8,0.47,-1.54,101.9,98.4,3.26,1.024,0.86,0.0417,0.61,82.3,100.0,17.1853,29-Sep-2026,18-Aug-2021,5.1,58.8,31,52,59.6
119291,L&T Flexicap Fund-Direct Plan-Growth,Flexi Cap,2.98,15.34,9.71,13.29,13.44,11.15,18.61,13.93,16.35,11.89,11.68,0.58,0.62,19.81,-36.56,0.42,-1.86,67.9,95.2,1.42,0.854,0.928,0.1341,-0.19,79.1,96.1,133.4254,25-Nov-2022,02-Jan-2013,9.9,58.1,33,52,63.5
118424,BANDHAN Flexi Cap Fund-Direct Plan-Growth,Flexi Cap,-1.68,9.66,9.19,10.49,13.13,-5.42,2.77,8.3,16.79,14.01,13.12,0.33,0.43,12.94,-36.89,0.26,-1.24,90.4,95.1,4.03,0.938,0.917,0.0474,0.92,81.5,94.8,221.257,29-Sep-2026,02-Jan-2013,13.7,57.8,34,52,65.4
120264,LIC MF Flexi Cap Fund-Direct Plan-Growth,Flexi Cap,2.81,10.03,9.45,10.57,10.74,2.52,5.53,9.77,13.03,11.25,10.94,0.33,0.42,15.65,-34.2,0.29,-1.87,98.6,97.0,4.45,0.984,0.699,0.0532,0.49,77.4,98.4,112.0479,29-Sep-2026,02-Jan-2013,13.7,57.3,35,52,67.3
148642,Nippon India Diversified Equity Flexicap Passive FoF - Direct Plan - Growth Option,Flexi Cap,-2.79,8.79,8.39,7.28,13.05,-6.34,1.24,7.38,13.21,15.89,,0.27,0.38,12.93,-18.65,0.47,-1.35,82.3,93.0,3.88,0.835,0.737,0.0419,0.38,84.6,100.0,20.387,29-Sep-2026,04-Jan-2021,5.7,55.2,36,52,69.2
144546,Tata Flexi Cap Fund-Direct Plan-Growth,Flexi Cap,-5.58,8.6,8.16,9.73,12.23,-9.16,1.27,7.59,15.65,16.64,16.56,0.26,0.33,12.84,-33.49,0.26,-1.36,82.2,93.1,3.26,0.896,0.86,0.0368,0.5,82.9,100.0,25.2944,29-Sep-2026,10-Sep-2018,8.1,54.7,37,52,71.2
119718,SBI Flexicap Fund - DIRECT PLAN - Growth Option,Flexi Cap,-2.08,7.97,7.65,11.68,14.28,-4.04,1.91,6.85,17.64,15.71,15.16,0.2,0.25,12.5,-35.8,0.22,-1.27,78.9,92.4,2.67,0.888,0.88,0.0294,0.41,83.1,98.4,118.6022,29-Sep-2026,07-Jan-2013,13.7,53.4,38,52,73.1
150571,Sundaram Flexicap Fund Direct Growth,Flexi Cap,-5.19,8.05,7.75,3.8,9.63,-9.03,0.97,5.55,14.62,,,0.21,0.27,13.26,-15.66,0.51,-1.4,92.0,96.6,2.35,0.955,0.917,0.0291,0.52,88.8,100.0,14.545,29-Sep-2026,07-Sep-2022,4.1,50.6,39,52,75.0
152584,TRUSTMF Flexi Cap Fund-Direct Plan- Growth,Flexi Cap,8.81,7.59,4.49,2.22,9.51,10.5,7.08,7.08,4.42,,,0.29,0.35,15.96,-18.88,0.4,-1.73,105.2,96.0,9.0,1.008,0.75,0.0466,1.08,78.4,,12.48,29-Sep-2026,29-Apr-2024,2.4,50.1,40,52,76.9
120662,UTI - Flexi Cap Fund-Growth Option - Direct,Flexi Cap,-2.01,7.43,4.13,11.51,12.93,0.93,3.09,5.79,15.67,13.91,14.28,0.16,0.23,12.99,-33.86,0.22,-1.39,79.0,92.8,2.37,0.862,0.777,0.0243,0.22,80.3,99.8,336.7306,29-Sep-2026,02-Jan-2013,13.7,49.6,41,52,78.8
144905,Shriram Flexi Cap Fund - Direct Growth,Flexi Cap,-3.17,6.15,6.89,8.18,10.36,-7.04,-2.34,4.74,13.32,15.12,15.11,0.08,0.09,15.93,-32.1,0.19,-1.61,97.9,99.1,0.35,1.034,0.744,0.0118,0.07,75.5,100.0,21.6137,29-Sep-2026,08-Oct-2018,8.0,48.9,42,52,80.8
154043,Abakkus Flexi Cap Fund - Direct - Growth,Flexi Cap,8.75,2.84,1.69,0.84,11.88,,,,,,,0.45,0.6,15.44,-10.68,0.27,-1.78,118.4,89.9,32.44,0.96,0.836,0.0724,4.59,,,10.895,29-Sep-2026,30-Dec-2025,0.7,42.1,43,52,82.7
153543,Unifi Flexi Cap Fund - Direct Growth,Flexi Cap,6.73,1.72,1.03,0.51,3.99,7.28,6.04,6.04,,,,-0.12,-0.16,12.75,-13.18,0.13,-1.32,96.5,92.1,11.36,0.947,0.852,-0.0162,2.24,100.0,,10.637,29-Sep-2026,09-Jun-2025,1.3,41.7,44,52,84.6
154225,Old Bridge Flexi Cap Fund Direct Growth,Flexi Cap,10.39,3.35,2.0,0.99,18.86,,,,,,,1.14,1.89,11.85,-4.99,0.67,-0.99,54.3,66.3,28.0,0.583,0.564,0.2317,2.91,,,11.05,29-Sep-2026,04-Mar-2026,0.6,40.9,45,52,86.5
151917,NJ Flexi Cap Fund - Direct Plan - Growth Option,Flexi Cap,-4.3,9.14,5.49,2.71,9.12,-4.18,-0.76,-0.19,4.06,,,0.28,0.35,14.58,-26.74,0.34,-1.47,83.2,92.9,3.91,0.913,0.693,0.0452,0.4,37.0,,13.13,29-Sep-2026,06-Sep-2023,3.1,40.0,46,52,88.5
154112,Motilal Oswal Diversified Equity Flexicap Passive Fund of Funds- Direct - Growth,Flexi Cap,2.56,0.85,0.51,0.25,3.88,,,,,,,-0.06,-0.09,16.91,-13.03,0.07,-1.93,102.9,91.9,22.4,0.989,0.792,-0.0109,2.64,,,10.3054,29-Sep-2026,29-Jan-2026,0.7,35.6,47,52,90.4
153859,JioBlackRock Flexi Cap Fund - Direct Plan - Growth Option,Flexi Cap,-4.79,-1.62,-0.98,-0.49,-5.03,-5.91,-5.91,-5.91,,,,-0.73,-1.0,14.56,-14.29,-0.11,-1.62,108.4,97.8,8.2,1.033,0.922,-0.1032,1.83,,,9.6071,29-Sep-2026,17-Oct-2025,1.0,32.0,48,52,92.3
153872,THE WEALTH COMPANY FLEXI CAP FUND - DIRECT GROWTH,Flexi Cap,-3.49,-1.18,-0.71,-0.35,-3.67,-5.16,-5.16,-5.16,,,,-0.6,-0.8,15.25,-16.11,-0.07,-1.54,95.9,94.4,9.47,0.999,0.786,-0.0916,1.28,,,9.6702,29-Sep-2026,17-Oct-2025,1.0,31.0,49,52,94.2
153738,CAPITALMIND FLEXI CAP FUND DIRECT GROWTH,Flexi Cap,5.87,1.04,0.62,0.31,2.73,2.8,2.53,2.53,,,,-0.26,-0.33,11.67,-9.25,0.11,-1.38,54.6,75.6,9.62,0.673,0.564,-0.0131,1.27,,,10.2108,29-Sep-2026,06-Aug-2025,1.1,30.7,50,52,96.2
149450,Samco Flexi Cap Fund - Direct Plan - Growth Option,Flexi Cap,-6.07,-3.71,-0.16,-0.08,-0.17,-8.19,-7.52,-2.72,3.82,2.55,,-0.5,-0.63,17.73,-30.16,-0.12,-1.98,78.7,99.8,-8.64,0.978,0.538,-0.09,-0.76,52.1,75.6,9.9,29-Sep-2026,09-Feb-2022,4.6,22.3,51,52,98.1
153801,DSP Nifty500 Flexicap Quality 30 Index Fund - Direct - Growth,Flexi Cap,-7.92,-3.01,-1.82,-0.91,-8.11,-11.25,-11.04,-11.04,,,,-0.98,-1.44,14.16,-18.01,-0.17,-1.6,87.0,98.3,-2.7,0.911,0.695,-0.1522,-0.28,,,9.1207,29-Sep-2026,29-Aug-2025,1.1,21.3,52,52,100.0
147666,Axis Nifty 100 Index Fund - Direct Plan - Growth Option,Index - Nifty 100,-5.23,7.77,6.89,7.91,11.61,-9.94,-0.19,5.63,17.15,15.48,,0.18,0.24,13.69,-37.03,0.21,-1.43,105.4,100.2,1.66,1.026,0.982,0.0251,0.96,87.4,100.0,21.3529,29-Sep-2026,23-Oct-2019,6.9,55.4,1,3,33.3
149832,BANDHAN NIFTY 100 INDEX FUND - DIRECT PLAN - GROWTH,Index - Nifty 100,-5.16,7.86,8.05,3.95,8.8,-9.88,-0.13,5.45,12.54,13.14,,0.19,0.24,13.7,-17.26,0.46,-1.43,105.7,100.2,1.73,1.027,0.982,0.0259,1.0,84.6,100.0,14.3038,29-Sep-2026,25-Feb-2022,4.6,54.9,2,3,66.7
149868,HDFC NIFTY 100 Index Fund - Direct Plan - Growth Option,Index - Nifty 100,-5.32,7.64,7.32,3.59,7.98,-10.01,-0.31,5.21,12.28,12.89,,0.18,0.23,13.76,-17.34,0.44,-1.43,105.2,100.2,1.53,1.026,0.982,0.0237,0.89,84.0,100.0,14.2195,29-Sep-2026,23-Feb-2022,4.6,53.7,3,3,100.0
148360,L&T Nifty 50 Index Fund - Direct Plan - Growth,Index - Nifty 50,6.75,26.91,15.37,7.41,31.56,15.39,21.73,21.73,26.97,,,1.58,2.09,17.53,-16.49,1.63,-1.75,99.9,99.9,0.4,0.997,1.0,0.2774,1.76,92.9,,21.1916,25-Nov-2022,17-Apr-2020,2.6,77.0,1,23,4.3
148363,L&T Next Nifty 50 Index Fund - Direct Plan - Growth Option,Index - Nifty 50,-1.26,22.39,12.89,6.25,26.19,6.45,17.43,17.43,26.84,,,1.25,1.53,17.78,-20.3,1.1,-1.9,63.3,92.6,0.97,0.833,0.679,0.266,-0.37,85.9,,18.6763,25-Nov-2022,17-Apr-2020,2.6,64.3,2,23,8.7
147794,Motilal Oswal Nifty 50 Index Fund - Direct plan - Growth,Index - Nifty 50,-6.89,6.23,6.27,7.22,10.86,-12.13,-1.31,4.64,17.1,15.14,,0.07,0.09,13.29,-37.28,0.17,-1.35,100.4,99.9,0.26,1.0,1.0,0.0088,5.95,87.4,100.0,19.8378,29-Sep-2026,26-Dec-2019,6.8,52.0,3,23,13.0
118482,BANDHAN Nifty 50 Index Fund-Direct Plan-Growth,Index - Nifty 50,-6.93,6.19,6.29,11.15,11.27,-12.15,-1.34,4.63,13.94,13.0,13.29,0.06,0.08,13.21,-37.58,0.16,-1.35,100.3,99.9,0.23,1.0,1.0,0.0084,4.03,84.4,99.3,50.9018,29-Sep-2026,02-Jan-2013,13.7,51.3,4,23,17.4
120716,UTI Nifty 50 Index Fund - Growth Option- Direct,Index - Nifty 50,-6.95,6.18,6.23,11.07,11.16,-12.18,-1.36,4.59,13.87,12.94,13.21,0.06,0.09,13.3,-38.42,0.16,-1.35,100.4,100.0,0.21,1.001,1.0,0.0083,5.43,84.2,99.3,159.9641,29-Sep-2026,02-Jan-2013,13.7,51.1,5,23,21.7
146376,DSP Nifty 50 Index Fund - Direct Plan - Growth,Index - Nifty 50,-6.89,6.21,6.23,8.43,11.23,-12.1,-1.32,4.62,14.24,15.06,15.38,0.06,0.09,13.28,-37.78,0.16,-1.35,100.2,99.9,0.25,0.999,1.0,0.0086,4.94,82.9,100.0,22.4517,29-Sep-2026,21-Feb-2019,7.6,51.0,6,23,26.1
119648,Aditya Birla Sun Life Nifty 50 Index Fund - Growth - Direct Plan,Index - Nifty 50,-6.94,6.16,6.18,10.71,10.72,-12.17,-1.37,4.56,13.37,12.44,12.69,0.06,0.08,13.29,-37.62,0.16,-1.35,100.2,99.9,0.21,1.0,1.0,0.0082,3.93,83.6,98.8,237.3958,29-Sep-2026,02-Jan-2013,13.7,50.7,7,23,30.4
118581,Franklin India INDEX FUND- NSE NIFTY 50 INDEX FUND- Direct - Growth,Index - Nifty 50,-6.94,6.16,6.17,10.72,10.91,-12.18,-1.36,4.55,13.51,12.55,12.78,0.06,0.08,13.24,-37.6,0.16,-1.34,99.5,99.8,0.22,0.996,1.0,0.008,1.3,83.9,98.8,194.4553,29-Sep-2026,01-Jan-2013,13.7,50.7,7,23,30.4
149039,Navi Nifty 50 Index Fund-Direct Plan-Growth,Index - Nifty 50,-6.86,6.23,6.27,4.16,8.14,-12.08,-1.29,4.65,10.64,12.58,,0.07,0.09,13.29,-16.59,0.38,-1.35,100.4,99.9,0.27,1.0,1.0,0.0089,5.91,83.6,100.0,15.012,29-Sep-2026,16-Jul-2021,5.2,50.3,9,23,39.1
149373,Axis Nifty 50 Index Fund - Direct Plan - Growth,Index - Nifty 50,-6.9,6.21,6.4,3.15,6.66,-12.13,-1.31,4.43,11.36,12.26,,0.06,0.08,13.19,-15.82,0.39,-1.35,99.9,99.8,0.26,0.998,1.0,0.0086,4.05,84.9,100.0,13.8248,29-Sep-2026,08-Dec-2021,4.8,50.2,10,23,43.5
148978,Kotak Nifty 50 Index Fund - Direct Plan-Growth,Index - Nifty 50,-6.87,6.12,6.18,4.2,8.12,-12.08,-1.36,4.55,10.4,12.52,,0.06,0.08,13.28,-16.45,0.37,-1.35,100.1,99.9,0.17,0.999,1.0,0.0077,1.06,82.5,100.0,15.111,29-Sep-2026,24-Jun-2021,5.3,49.9,11,23,47.8
149250,Edelweiss Nifty 50 Index Fund Direct Plan Growth,Index - Nifty 50,-6.83,6.19,5.99,2.95,6.01,-12.04,-1.29,4.53,10.87,12.13,,0.06,0.09,13.25,-16.6,0.37,-1.35,99.9,99.8,0.24,0.998,1.0,0.0084,2.58,83.2,100.0,13.4833,29-Sep-2026,07-Oct-2021,5.0,49.6,12,23,52.2
120307,LIC MF Nifty 50 Index Fund-Direct Plan-Growth,Index - Nifty 50,-7.33,5.99,6.09,10.66,10.77,-12.48,-1.63,4.38,13.43,12.49,12.74,0.05,0.06,13.27,-38.11,0.16,-1.35,99.7,99.9,0.04,0.998,1.0,0.0063,0.46,83.2,98.8,136.1674,29-Sep-2026,02-Jan-2013,13.7,49.2,13,23,56.5
151157,HSBC NIFTY 50 INDEX FUND - Direct Growth,Index - Nifty 50,-6.94,6.16,4.84,2.39,6.36,-12.16,-1.37,2.37,11.84,,,0.06,0.08,13.28,-15.51,0.4,-1.35,100.2,99.9,0.2,1.0,1.0,0.0081,2.44,81.1,100.0,26.9176,29-Sep-2026,28-Nov-2022,3.8,45.6,14,23,60.9
118881,Taurus Nifty 50 Index Fund - Direct Plan - Growth,Index - Nifty 50,-7.54,5.41,5.58,10.75,10.82,-12.75,-2.04,3.84,13.55,12.63,12.97,0.0,0.0,13.16,-37.0,0.15,-1.34,97.5,99.7,-0.48,0.99,1.0,0.0001,-2.88,83.5,99.3,46.1648,29-Sep-2026,03-Jan-2013,13.7,45.0,15,23,65.2
152329,Baroda BNP Paribas Nifty 50 Index Fund - Direct Plan - Growth option,Index - Nifty 50,-6.99,2.69,1.6,0.8,3.03,-12.21,-2.94,-2.94,3.42,,,-0.18,-0.25,13.44,-15.52,0.17,-1.35,100.4,100.0,0.15,1.0,1.0,-0.0245,1.19,69.0,,10.735,29-Sep-2026,30-Jan-2024,2.7,36.0,16,23,69.6
152972,Mirae Asset Nifty 50 Index Fund - Direct Plan - Growth,Index - Nifty 50,-6.98,-1.47,-0.89,-0.44,-2.29,-12.23,-5.47,-5.47,2.76,,,-0.61,-0.91,13.18,-15.08,-0.1,-1.38,100.0,99.9,0.15,0.999,1.0,-0.0802,2.27,57.1,,9.4829,29-Sep-2026,25-Oct-2024,1.9,29.9,17,23,73.9
153529,ANGEL ONE NIFTY 50 INDEX FUND-DIRECT-GROWTH,Index - Nifty 50,-7.01,-2.36,-1.42,-0.71,-5.2,-12.22,-9.76,-9.76,,,,-0.9,-1.29,12.35,-15.14,-0.16,-1.3,100.1,99.9,0.14,1.0,1.0,-0.1114,3.27,11.1,,9.3637,29-Sep-2026,28-May-2025,1.3,26.8,18,23,78.3
153787,JioBlackRock Nifty 50 Index Fund - Direct Plan - Growth Option,Index - Nifty 50,-6.89,-2.67,-1.61,-0.81,-7.09,-12.05,-11.37,-11.37,,,,-1.0,-1.41,12.95,-15.12,-0.18,-1.45,100.5,100.0,0.29,1.001,1.0,-0.1298,2.81,,,9.2183,29-Sep-2026,22-Aug-2025,1.1,26.8,18,23,78.3
153906,Zerodha Nifty 50 Index Fund - Direct Plan - Growth,Index - Nifty 50,-11.0,-3.81,-2.3,-1.16,-11.54,-13.56,-13.56,-13.56,,,,-1.3,-1.84,13.53,-15.15,-0.25,-1.51,99.9,100.0,0.06,1.0,1.0,-0.1753,0.44,,,9.0956,29-Sep-2026,17-Oct-2025,1.0,25.5,20,23,87.0
154301,Choice Nifty 50 Index Fund - Direct Plan Growth,Index - Nifty 50,-3.85,-1.3,-0.78,-0.39,,,,,,,,-1.21,-1.85,11.54,-8.3,-0.16,-1.24,100.3,100.0,0.03,1.0,1.0,-0.1394,0.19,,,9.8322,29-Sep-2026,09-Apr-2026,0.5,25.3,21,23,91.3
153506,Bajaj Finserv Nifty 50 Index Fund - Direct - Growth,Index - Nifty 50,-7.27,-2.69,-1.63,-0.82,-5.83,-12.26,-9.91,-9.91,,,,-0.96,-1.38,12.33,-14.92,-0.18,-1.28,99.3,99.9,-0.12,0.998,0.999,-0.118,-0.25,5.3,,9.2863,29-Sep-2026,19-May-2025,1.4,24.0,22,23,95.7
153704,Groww Nifty 50 Index Fund Direct Growth,Index - Nifty 50,-7.21,-2.5,-1.51,-0.76,-6.28,-12.39,-10.88,-10.88,,,,-0.96,-1.35,12.72,-15.14,-0.17,-1.4,99.8,100.0,-0.09,1.0,1.0,-0.1215,-2.03,10.0,,9.1179,29-Sep-2026,28-Jul-2025,1.2,22.6,23,23,100.0
148745,Kotak Nifty Next 50 Index Fund - Direct Plan - Growth Option,Index - Nifty Next 50,3.09,16.04,11.12,7.7,14.35,1.15,5.64,11.64,15.9,19.4,,0.65,0.8,18.56,-26.34,0.61,-2.06,137.1,101.8,9.59,1.159,0.689,0.1048,0.97,74.7,100.0,20.3863,29-Sep-2026,17-Mar-2021,5.5,72.7,1,21,4.8
147796,Motilal Oswal Nifty Next 50 Index Fund - Direct plan - Growth,Index - Nifty Next 50,2.94,15.97,10.98,9.64,14.59,1.01,5.55,11.55,20.84,18.74,,0.65,0.79,18.58,-35.56,0.45,-2.06,137.1,101.8,9.51,1.16,0.688,0.1041,0.96,78.7,100.0,24.9831,29-Sep-2026,26-Dec-2019,6.8,72.7,1,21,4.8
149838,Aditya Birla Sun Life Nifty Next 50 Index Fund-Direct Growth,Index - Nifty Next 50,3.07,15.84,11.95,5.81,13.05,1.21,5.49,11.53,18.59,18.33,,0.64,0.78,18.58,-26.7,0.59,-2.06,137.2,101.9,9.38,1.16,0.689,0.1029,0.95,75.0,100.0,17.3103,29-Sep-2026,21-Feb-2022,4.6,72.6,3,21,14.3
149466,Axis Nifty Next 50 Index Fund - Direct Plan - Growth,Index - Nifty Next 50,3.13,15.97,11.02,5.37,11.89,1.15,5.62,11.64,18.38,18.42,,0.64,0.78,18.4,-26.35,0.61,-2.04,136.4,101.7,9.54,1.155,0.689,0.1044,0.97,74.9,100.0,17.2634,29-Sep-2026,02-Feb-2022,4.7,72.3,4,21,19.0
146381,DSP Nifty Next 50 Index Fund - Direct Plan - Growth,Index - Nifty Next 50,3.04,15.95,11.01,10.68,14.28,1.14,5.57,11.56,17.86,18.12,18.66,0.65,0.79,18.56,-36.02,0.44,-2.05,137.0,101.8,9.5,1.159,0.689,0.104,0.96,73.3,100.0,27.5711,29-Sep-2026,21-Feb-2019,7.6,72.3,4,21,19.0
149447,Navi Nifty Next 50 Index Fund- Direct Plan- Growth,Index - Nifty Next 50,2.96,15.92,10.67,5.2,11.42,1.11,5.56,11.59,18.14,18.33,,0.65,0.79,18.6,-26.29,0.61,-2.06,137.3,101.9,9.46,1.161,0.688,0.1036,0.96,74.6,100.0,16.5798,29-Sep-2026,20-Jan-2022,4.7,72.0,6,21,28.6
148945,SBI Nifty Next 50 Index Fund - Direct Plan - Growth,Index - Nifty Next 50,2.99,15.97,10.96,6.73,12.97,1.08,5.55,11.52,15.63,19.05,,0.64,0.77,18.48,-26.5,0.6,-2.05,137.4,101.8,9.51,1.161,0.688,0.104,0.96,71.4,100.0,19.293,29-Sep-2026,26-May-2021,5.3,71.7,7,21,33.3
146513,Nippon India Nifty Next 50 Junior BeES FoF - Direct Plan - Growth Plan - Growth Option,Index - Nifty Next 50,4.35,16.62,11.26,10.02,13.48,3.36,6.46,12.1,18.1,18.22,18.75,0.74,0.96,16.82,-34.31,0.48,-1.95,113.0,96.6,11.43,0.943,0.555,0.1312,0.93,73.7,100.0,26.5919,29-Sep-2026,11-Mar-2019,7.6,71.4,8,21,38.1
120684,ICICI Prudential Nifty Next 50 Index Fund - Direct Plan -  Growth,Index - Nifty Next 50,2.83,15.77,10.82,11.93,13.74,0.85,5.34,11.36,17.37,15.13,13.99,0.64,0.78,18.57,-41.09,0.38,-2.06,137.0,101.9,9.32,1.16,0.689,0.1022,0.95,75.8,93.9,64.6352,29-Sep-2026,02-Jan-2013,13.7,71.2,9,21,42.9
143341,UTI Nifty Next 50 Index Fund - Direct Plan - Growth Option,Index - Nifty Next 50,3.04,16.01,10.96,9.92,12.14,1.11,5.6,11.56,16.4,17.78,17.37,0.65,0.79,18.59,-39.86,0.4,-2.05,137.3,101.8,9.55,1.16,0.688,0.1045,0.97,73.1,100.0,25.8231,29-Sep-2026,29-Jun-2018,8.3,71.2,9,21,42.9
149288,HDFC NIFTY Next 50 Index Fund - Direct Plan - Growth Option,Index - Nifty Next 50,2.9,15.74,10.48,5.11,10.7,0.98,5.38,11.36,17.0,18.06,,0.64,0.77,18.59,-26.67,0.59,-2.06,137.1,101.9,9.28,1.161,0.689,0.1019,0.94,72.1,100.0,16.4438,29-Sep-2026,03-Nov-2021,4.9,71.0,11,21,52.4
150899,Edelweiss Nifty Next 50 Index Fund - Direct Plan - Growth,Index - Nifty Next 50,3.2,16.07,10.04,4.9,13.32,1.4,5.71,10.57,22.65,,,0.66,0.8,18.52,-26.43,0.61,-2.05,136.7,101.7,9.62,1.157,0.689,0.1051,0.97,76.4,100.0,16.2563,29-Sep-2026,02-Dec-2022,3.8,67.1,12,21,57.1
151160,HSBC NIFTY NEXT 50 INDEX FUND - Direct Growth,Index - Nifty Next 50,2.67,15.65,10.26,5.0,13.58,0.77,5.24,10.29,22.34,,,0.63,0.77,18.6,-26.59,0.59,-2.06,137.0,101.9,9.19,1.161,0.689,0.1011,0.93,75.7,100.0,30.5017,29-Sep-2026,28-Nov-2022,3.8,66.6,13,21,61.9
151937,LIC MF Nifty Next 50 Index Fund-Direct Plan-Growth,Index - Nifty Next 50,3.26,16.01,9.27,4.53,15.03,1.45,5.72,7.31,13.61,,,0.65,0.79,18.52,-26.43,0.61,-2.05,136.5,101.7,9.57,1.156,0.689,0.1047,0.97,69.0,,57.0762,29-Sep-2026,31-Jul-2023,3.2,63.9,14,21,66.7
118348,IDBI Nifty Next 50 Index Fund Growth Direct,Index - Nifty Next 50,12.19,19.95,9.35,15.32,13.24,17.73,13.78,13.7,16.08,13.42,11.93,0.93,1.11,16.65,-40.59,0.49,-1.83,71.1,92.5,1.6,0.889,0.669,0.1742,-0.07,74.4,91.9,36.5471,28-Jul-2023,02-Jan-2013,10.6,63.0,15,21,71.4
153350,Bandhan Nifty Next 50 Index Fund - Direct Plan - Growth,Index - Nifty Next 50,2.99,6.74,3.99,1.98,13.24,1.08,4.11,4.11,,,,0.51,0.69,16.96,-14.45,0.47,-1.92,131.8,100.3,11.08,1.099,0.725,0.0808,1.2,93.3,,12.2709,29-Sep-2026,03-Mar-2025,1.6,53.2,16,21,76.2
153479,Bajaj Finserv Nifty Next 50 Index Fund - Direct - Growth,Index - Nifty Next 50,2.35,2.05,1.22,0.61,4.51,0.57,1.76,1.76,,,,-0.03,-0.04,15.9,-14.78,0.14,-1.82,123.1,98.8,11.19,1.095,0.725,-0.0048,1.21,100.0,,11.0786,29-Sep-2026,14-May-2025,1.4,44.6,17,21,81.0
154304,Choice Nifty Next 50 Index Fund - Direct Plan Growth,Index - Nifty Next 50,4.86,1.59,0.95,0.48,,,,,,,,0.36,0.54,15.04,-7.04,0.23,-1.63,127.6,92.9,21.3,1.039,0.636,0.0521,2.09,,,10.8044,29-Sep-2026,09-Apr-2026,0.5,41.8,18,21,85.7
153786,Groww Nifty Next 50 Index Fund Direct Growth,Index - Nifty Next 50,2.95,1.48,0.89,0.44,4.12,1.1,1.68,1.68,,,,-0.05,-0.07,16.58,-14.33,0.1,-1.91,126.4,98.5,13.4,1.097,0.733,-0.0076,1.38,,,10.3067,29-Sep-2026,26-Aug-2025,1.1,39.3,19,21,90.5
153789,JioBlackRock Nifty Next 50 Index Fund - Direct Plan - Growth Option,Index - Nifty Next 50,3.11,1.16,0.7,0.35,3.2,1.21,1.66,1.66,,,,-0.11,-0.14,16.63,-14.41,0.08,-1.91,126.8,98.7,13.09,1.102,0.734,-0.0162,1.34,,,10.3734,29-Sep-2026,22-Aug-2025,1.1,38.8,20,21,95.2
153858,Tata Nifty Next 50 Index Fund - Direct Plan Growth Option,Index - Nifty Next 50,1.75,0.58,0.35,0.17,1.79,0.62,0.62,0.62,,,,-0.18,-0.25,17.22,-14.48,0.04,-2.05,134.6,99.8,13.99,1.107,0.744,-0.0285,1.38,,,10.2509,29-Sep-2026,07-Oct-2025,1.0,37.9,21,21,100.0
149180,HDFC Developed World Overseas Equity Passive FOF - Direct Plan - Growth Option,International,25.46,26.92,17.17,8.25,17.25,24.26,26.36,22.8,19.79,20.11,,1.76,2.3,12.72,-19.58,1.37,-1.14,27.1,23.2,26.42,0.294,0.094,0.7638,1.22,90.9,100.0,22.098,28-Sep-2026,06-Oct-2021,5.0,81.6,1,40,2.5
149291,Aditya Birla Sun Life US Equity Passive FOF-Direct-Growth,International,32.91,33.72,19.02,9.1,19.49,34.84,33.13,29.6,26.68,26.91,,1.65,2.23,18.79,-28.94,1.17,-1.86,32.5,19.9,34.8,0.29,0.042,1.0674,1.21,88.2,100.0,23.9012,29-Sep-2026,08-Nov-2021,4.9,81.2,2,40,5.0
119277,DSP World Gold Mining Overseas Equity Omni FoF - Direct Plan - Growth,International,33.01,60.12,30.86,15.58,9.48,21.23,61.88,43.02,18.63,11.39,9.28,2.06,2.97,35.39,-57.16,1.05,-3.38,58.4,-3.3,73.92,0.51,0.035,1.4315,1.48,56.1,80.6,63.2948,29-Sep-2026,03-Jan-2013,13.7,80.5,3,40,7.5
148485,Axis Global Equity Alpha Fund of Fund - Direct Plan - Growth Option,International,19.54,25.43,15.64,10.34,17.83,20.05,23.56,20.7,16.5,16.37,,1.46,1.91,15.28,-19.86,1.28,-1.37,41.5,45.7,26.82,0.393,0.118,0.5787,1.26,84.3,100.0,26.7769,29-Sep-2026,30-Sep-2020,6.0,78.0,4,40,10.0
149816,DSP Global Innovation Overseas Equity Omni FoF - Direct - Growth,International,23.61,29.56,18.26,8.75,19.93,25.59,28.01,27.11,27.48,,,1.59,2.16,18.72,-27.61,1.07,-1.7,33.8,21.9,34.67,0.24,0.028,1.2442,1.23,95.8,100.0,23.2543,28-Sep-2026,15-Feb-2022,4.6,75.7,5,40,12.5
129188,Invesco India - Invesco Global Equity Income Fund of Fund - Direct Plan - Growth,International,17.93,23.8,17.44,14.39,12.14,16.15,21.18,20.39,13.07,12.25,11.65,1.53,2.17,14.59,-34.67,0.69,-1.29,45.1,49.4,25.97,0.44,0.157,0.5085,1.32,81.7,99.6,41.3275,29-Sep-2026,07-May-2014,12.4,75.1,6,40,15.0
148954,Axis Global Innovation Fund of Fund - Direct Plan - Growth,International,25.44,28.25,14.62,7.49,14.53,29.93,26.72,22.31,15.53,17.49,,1.37,1.82,19.23,-30.84,0.92,-1.92,57.3,57.4,30.37,0.465,0.104,0.5767,1.22,79.6,100.0,20.61,29-Sep-2026,03-Jun-2021,5.3,74.3,7,40,17.5
134923,Nippon India US Equity Opportunities Fund- Direct Plan- Growth Plan- Growth Option,International,16.61,21.79,12.81,16.48,15.4,19.72,17.85,17.25,16.68,16.19,15.74,1.17,1.59,15.82,-30.78,0.71,-1.48,16.4,4.5,24.21,0.102,0.008,1.8112,0.82,89.1,100.0,48.0955,29-Sep-2026,28-Jul-2015,11.2,73.9,8,40,20.0
119279,DSP World Mining Overseas Equity Omni FoF - Direct Plan - Growth,International,44.67,31.38,21.09,17.97,9.04,28.16,39.59,26.3,14.25,10.57,11.87,1.2,1.73,27.28,-62.21,0.5,-2.66,60.5,52.6,34.54,0.554,0.069,0.5932,1.0,68.9,81.3,35.3447,29-Sep-2026,04-Jan-2013,13.7,73.8,9,40,22.5
120043,HSBC Global Emerging Market Fund - Growth Direct,International,41.48,30.12,12.66,12.3,9.11,30.82,35.21,23.5,10.83,7.63,7.56,1.54,2.05,19.94,-34.59,0.87,-1.79,79.8,69.9,32.4,0.675,0.209,0.4553,1.44,67.7,84.1,37.8958,29-Sep-2026,03-Jan-2013,13.7,72.6,10,40,25.0
119517,Aditya Birla Sun Life International Equity Fund - Growth - Direct Plan,International,19.04,23.61,13.03,13.81,12.16,17.51,23.19,18.11,11.74,9.94,10.35,1.51,2.04,12.58,-27.46,0.86,-1.16,18.9,10.3,24.06,0.164,0.03,1.1559,0.95,84.7,99.6,57.6679,29-Sep-2026,02-Jan-2013,13.7,72.5,11,40,27.5
149059,Kotak Global Innovation Overseas Equity Omni FOF- Direct Plan -Growth,International,28.05,27.03,10.96,4.9,9.73,28.4,26.51,21.29,15.38,16.33,,1.39,1.97,18.4,-39.98,0.68,-1.79,29.5,21.3,31.08,0.203,0.022,1.2578,1.15,82.5,97.3,16.1715,28-Sep-2026,05-Aug-2021,5.1,70.6,12,40,30.0
119779,Kotak Global Emerging Market overseas Equity Omni FOF - Growth - Direct,International,36.73,28.17,12.93,11.73,9.6,30.61,32.72,22.7,10.44,7.25,7.24,1.43,1.78,18.17,-31.96,0.88,-1.75,66.5,66.0,27.81,0.586,0.185,0.4431,1.27,70.0,86.8,43.607,29-Sep-2026,07-Jan-2013,13.7,70.5,13,40,32.5
132009,Aditya Birla Sun Life Global Excellence Equity Fund Of Fund - Retail Plan - Direct Plan - Growth Option,International,21.56,23.66,14.64,9.7,9.51,20.05,20.93,19.55,9.64,8.35,7.47,1.36,1.94,15.67,-39.06,0.61,-1.41,19.1,5.7,27.04,0.117,0.01,1.8272,0.97,72.2,90.4,47.388,28-Sep-2026,13-Oct-2014,12.0,68.5,14,40,35.0
119602,Sundaram Global Brand Theme-Equity Active FOF - Direct Growth,International,14.96,19.78,12.83,12.66,9.32,12.0,18.22,17.08,10.35,9.44,9.57,1.24,1.68,13.28,-30.06,0.66,-1.33,18.5,13.1,22.35,0.155,0.024,1.0657,0.99,73.2,88.6,47.6517,28-Sep-2026,08-Jan-2013,13.7,68.3,15,40,37.5
147648,ICICI Prudential Global Advantage Fund (FOF) - Direct Plan - Growth Option,International,14.3,20.72,10.51,8.67,12.67,10.95,20.42,16.64,13.03,8.92,,1.28,1.67,14.35,-27.06,0.77,-1.36,32.8,38.8,22.42,0.363,0.111,0.5071,1.05,79.8,91.3,22.9984,28-Sep-2026,09-Oct-2019,7.0,68.0,16,40,40.0
138528,PGIM India Global Equity Opportunities Fund of Fund- Direct Plan - Growth,International,5.2,19.58,7.37,15.27,14.4,7.36,12.59,14.0,17.63,16.53,15.21,0.85,1.18,21.17,-43.42,0.45,-2.11,25.7,27.3,22.92,0.231,0.021,0.7761,0.71,84.6,99.5,57.23,29-Sep-2026,08-Mar-2016,10.6,67.1,17,40,42.5
132140,Aditya Birla Sun Life Global Emerging Opportunities Fund - Direct plan - Growth Option,International,18.42,21.31,10.92,11.49,8.91,18.25,18.97,15.83,10.65,10.21,10.47,1.05,1.46,18.3,-33.55,0.64,-1.8,21.6,16.1,24.66,0.158,0.013,1.2196,0.81,74.0,98.1,35.2387,28-Sep-2026,13-Oct-2014,12.0,66.1,18,40,45.0
119457,Principal Global Opportunities Fund-Direct Plan - Growth Option,International,26.44,25.03,16.84,8.35,9.33,16.63,25.77,18.22,11.54,8.21,9.24,1.14,1.23,19.98,-37.39,0.67,-1.64,12.9,27.0,22.45,0.233,0.063,0.9791,0.09,68.2,88.9,49.2461,31-Dec-2021,03-Jan-2013,9.0,66.0,19,40,47.5
123654,ICICI Prudential Global Stable Equity Fund (FOF) - Direct - Growth,International,14.89,14.63,10.57,10.33,10.23,11.76,13.94,12.45,10.53,9.75,9.79,0.91,1.27,11.72,-26.16,0.56,-1.07,19.1,25.3,15.43,0.244,0.074,0.4384,0.64,95.5,100.0,35.73,29-Sep-2026,17-Sep-2013,13.0,62.4,20,40,50.0
148614,Invesco India - Invesco Global Consumer Trends Fund of Fund - Direct Plan - Growth,International,-6.8,23.66,4.59,2.58,4.53,-0.68,20.6,16.4,8.53,9.44,,0.88,1.22,30.85,-51.22,0.46,-3.34,91.8,78.2,28.76,0.705,0.09,0.3837,0.8,66.9,64.6,12.9141,29-Sep-2026,29-Dec-2020,5.7,61.6,21,40,52.5
133831,Kotak US Equity Fund - Direct Plan - Growth option,International,17.12,13.33,11.68,6.17,12.56,24.28,15.3,13.95,11.32,12.25,,0.7,0.88,13.03,-22.42,0.59,-1.34,7.2,-8.2,15.51,0.011,0.0,8.3192,0.17,92.5,100.0,20.129,24-Feb-2020,02-Feb-2015,5.1,60.5,22,40,55.0
119518,Aditya Birla Sun Life International Equity Fund - Plan B - Growth - Direct Plan,International,14.21,19.43,9.47,12.05,10.62,18.19,12.23,12.76,12.54,10.7,9.67,1.06,1.45,13.61,-36.39,0.53,-1.42,63.7,90.0,2.91,0.784,0.777,0.1836,-0.22,73.7,94.2,30.2806,28-Jul-2023,07-Jan-2013,10.6,60.4,23,40,57.5
119275,DSP Global Clean Energy Overseas Equity Omni FoF Direct Plan - Growth,International,26.05,21.62,10.94,8.72,6.95,11.61,23.49,16.76,8.19,4.71,4.96,0.96,1.44,20.49,-49.73,0.43,-2.0,49.8,57.8,22.84,0.418,0.07,0.4701,0.8,58.9,73.4,29.0614,29-Sep-2026,04-Jan-2013,13.7,60.4,23,40,57.5
150595,Mirae Asset Global Electric & Autonomous Vehicles Equity Passive FOF - Direct Plan - Growth,International,21.07,18.02,9.08,4.44,11.3,4.48,23.87,18.57,19.6,,,0.6,0.81,28.0,-30.41,0.59,-2.37,29.5,36.9,21.63,0.213,0.01,0.7945,0.48,66.2,100.0,15.598,29-Sep-2026,08-Sep-2022,4.1,59.4,25,40,62.5
133714,HSBC Global Consumer Opportunities Fund - Growth Direct,International,35.26,11.88,15.49,6.68,10.99,31.57,19.03,16.17,11.69,11.25,,0.47,0.59,18.12,-28.74,0.41,-1.76,18.8,59.9,8.87,0.402,0.242,0.2105,0.02,78.8,100.0,19.0214,12-May-2021,27-Feb-2015,6.2,58.9,26,40,65.0
119576,Aditya Birla Sun Life Commodity Equities Fund - Global Agri Plan - Growth - Direct Plan,International,-2.52,19.98,9.11,7.57,7.32,-0.75,9.98,11.39,8.96,7.37,6.44,0.84,1.19,19.11,-42.16,0.47,-1.99,19.1,40.0,17.16,0.219,0.031,0.7328,-0.01,73.8,91.7,37.3501,28-Jul-2023,02-Jan-2013,10.6,58.3,27,40,67.5
149298,PGIM India Global Select Real Estate Securities Fund of Fund - Direct Plan - Growth Option,International,11.61,16.92,4.7,2.32,4.89,5.27,12.31,10.38,9.63,9.64,,0.96,1.44,13.84,-27.4,0.62,-1.26,12.1,1.0,19.02,0.131,0.016,1.019,0.71,81.4,95.8,13.17,29-Sep-2026,08-Dec-2021,4.8,57.5,28,40,70.0
119259,Tata Indo-Global Infrastructure Fund-Direct Plan Growth,International,47.42,11.21,6.58,3.24,16.93,42.71,31.47,31.47,26.02,,,0.87,1.39,13.81,-17.49,0.64,-1.34,61.8,90.0,2.2,0.746,0.719,0.1614,-0.34,85.5,,10.2544,16-Jan-2015,02-Jan-2013,2.0,54.2,29,40,72.5
154287,Kotak Quality Overseas Equity Active FOF - Direct Plan - Growth-,International,15.57,4.94,2.94,1.46,33.48,,,,,,,2.72,3.68,11.39,-3.86,1.28,-0.93,16.2,-27.4,37.4,0.022,0.001,14.0685,1.78,,,11.572,29-Sep-2026,30-Mar-2026,0.5,50.3,30,40,75.0
148737,HSBC Global Equity Climate Change Fund of Fund - Direct - Growth,International,21.36,10.81,4.25,2.1,4.26,17.68,12.33,8.57,3.45,4.99,,0.45,0.71,15.41,-31.35,0.34,-1.54,28.2,50.8,9.28,0.323,0.072,0.2148,0.06,72.6,73.1,12.3412,25-Mar-2026,30-Mar-2021,5.0,45.3,31,40,77.5
148646,Kotak International REIT Overseas Equity Omni FOF - Direct Plan - Growth,International,-1.12,10.68,3.1,1.49,2.61,-6.59,6.7,5.18,4.31,3.44,,0.45,0.71,17.09,-25.54,0.42,-1.61,30.0,50.1,12.17,0.398,0.097,0.1928,0.49,63.2,61.5,11.5784,29-Sep-2026,05-Jan-2021,5.7,44.3,32,40,80.0
120017,ING Global Real Estate Fund - Retail Plan - Direct Plan - Growth Option,International,3.91,4.89,2.91,1.44,8.46,0.72,4.24,4.24,8.25,,,0.27,0.44,11.91,-7.82,0.63,-1.07,0.9,-17.3,10.02,-0.016,0.0,-2.0004,-0.46,100.0,,15.96,09-Oct-2014,03-Jan-2013,1.8,43.2,33,40,82.5
125383,PineBridge India - US Equity Fund - Direct Plan - Growth option,International,9.26,2.86,1.71,0.85,8.02,6.95,6.96,6.96,,,,0.27,0.4,14.08,-8.2,0.35,-1.67,4.0,-2.6,7.45,0.09,0.007,0.4229,-1.04,,,10.895,28-Jan-2015,23-Dec-2013,1.1,32.6,34,40,85.0
119420,L&T Global Real Assets Fund-Direct Plan-Growth Option,International,-5.93,3.95,3.18,1.58,4.79,4.66,0.39,1.32,2.1,,,-0.07,-0.12,15.16,-24.16,0.16,-1.55,9.2,36.1,3.17,0.212,0.053,-0.0524,-0.24,44.4,100.0,18.623,10-May-2016,02-Jan-2013,3.4,29.9,35,40,87.5
120013,ING Global Commodities Fund - Direct plan - Growth Option,International,-0.63,-0.74,-0.44,-0.22,-1.25,-9.69,-1.08,-1.08,11.64,,,-0.5,-0.74,13.95,-18.99,-0.04,-1.4,1.4,11.6,-1.27,0.049,0.003,-1.4103,-0.87,97.6,,13.1456,09-Oct-2014,03-Jan-2013,1.8,27.0,36,40,90.0
119580,Birla Sun Life Commodities Equities Fund Global Multi Commodity Plan - Growth - Direct Plan,International,1.11,0.37,0.22,0.11,2.06,,,,,,,-0.17,-0.21,17.17,-14.09,0.03,-1.64,-5.5,-63.1,4.12,-0.165,0.021,0.1776,0.01,,,13.9008,19-Jul-2013,02-Jan-2013,0.5,25.7,37,40,92.5
118958,DWS Global Agribusiness Offshore Fund - Direct Plan - Growth,International,-18.52,-2.68,-1.51,-0.76,-2.39,-20.18,-9.06,-8.42,0.03,,,-0.58,-0.82,14.33,-28.24,-0.09,-1.52,8.1,44.2,-4.06,0.216,0.061,-0.3822,-0.67,57.5,,13.55,02-Mar-2016,08-Jan-2013,3.1,18.9,38,40,95.0
119584,Birla Sun Life Commodities Equities Fund Global Precious Metals Plan - Growth - Direct Plan,International,-39.42,-15.39,-9.54,-4.89,-60.33,,,,,,,-1.53,-2.09,41.19,-47.24,-0.33,-4.32,-15.7,-19.8,-56.21,-0.338,0.015,1.8695,-1.9,,,7.4348,19-Jul-2013,02-Jan-2013,0.5,15.6,39,40,97.5
118828,Mirae Asset Global Commodity Stocks - Direct Plan - Growth,International,-25.48,-10.82,-8.1,-4.13,-12.49,-25.58,-17.61,-17.17,-7.25,,,-0.87,-1.29,18.4,-46.0,-0.24,-1.67,30.8,87.5,-15.31,0.57,0.259,-0.2823,-1.24,28.1,0.0,8.444,03-Mar-2016,02-Jan-2013,3.2,14.5,40,40,100.0
148524,Principal Large Cap Fund - Direct Growth,Large Cap,28.32,14.3,8.35,4.09,39.82,24.53,29.35,29.35,,,,2.62,3.48,13.55,-7.99,1.79,-1.21,78.5,93.1,6.48,0.848,0.943,0.4185,0.28,100.0,,14.9491,31-Dec-2021,20-Oct-2020,1.2,69.0,1,51,2.0
119893,BNP Paribas LARGE CAP Fund - Direct Plan - Growth Option,Large Cap,11.41,17.15,14.49,13.89,15.2,3.18,18.56,15.31,18.4,13.52,13.46,0.67,0.77,19.98,-32.34,0.53,-1.72,81.3,96.8,4.02,0.888,0.974,0.1524,0.52,85.3,99.7,146.7578,13-Mar-2022,02-Jan-2013,9.2,68.3,2,51,3.9
120392,Invesco India Largecap Fund - Direct Plan - Growth,Large Cap,1.57,13.13,10.65,13.18,14.46,-0.13,5.8,10.88,16.79,15.37,14.98,0.57,0.74,14.46,-36.85,0.36,-1.47,110.0,98.2,6.99,1.026,0.889,0.0808,1.44,88.6,99.6,83.88,29-Sep-2026,02-Jan-2013,13.7,67.9,3,51,5.9
118479,BANDHAN Large Cap Fund-Direct Plan-Growth,Large Cap,-0.67,11.96,9.86,12.55,12.48,-4.36,3.99,9.49,14.81,13.73,13.61,0.5,0.68,13.48,-35.14,0.34,-1.42,105.3,97.7,6.08,0.976,0.915,0.0709,1.45,82.3,99.6,87.11,29-Sep-2026,02-Jan-2013,13.7,63.7,4,51,7.8
150440,quant Large Cap Fund - Growth Option - Direct Plan,Large Cap,5.43,13.22,10.41,5.07,12.73,5.52,6.1,10.49,17.82,,,0.54,0.73,16.03,-21.11,0.63,-1.72,115.6,99.2,7.3,1.029,0.728,0.084,0.87,78.0,100.0,16.4222,29-Sep-2026,12-Aug-2022,4.1,63.5,5,51,9.8
138986,DHFL Pramerica Large Cap Fund - Series 1 - Direct Plan - Growth,Large Cap,14.57,14.62,8.53,4.18,17.45,9.94,15.96,15.96,21.52,,,0.75,1.31,17.43,-18.78,0.78,-1.6,210.8,118.8,-6.28,1.497,0.898,0.0878,0.21,100.0,,12.5992,24-Sep-2018,08-Mar-2016,2.5,63.1,6,51,11.8
118633,Nippon India Large Cap Fund - Direct Plan Growth Plan - Bonus Option,Large Cap,-5.59,9.89,12.04,13.62,14.6,-9.32,1.55,9.7,18.65,16.53,15.93,0.35,0.44,13.66,-39.96,0.25,-1.36,101.1,97.9,3.94,0.994,0.935,0.0479,1.1,85.1,96.4,95.7541,29-Sep-2026,03-Jan-2013,13.7,63.0,7,51,13.7
118632,Nippon India Large Cap Fund - Direct Plan Growth Plan - Growth Option,Large Cap,-5.59,9.89,12.04,13.62,14.62,-9.32,1.55,9.7,18.65,16.53,15.93,0.35,0.44,13.66,-39.96,0.25,-1.36,101.1,97.9,3.94,0.994,0.935,0.0479,1.1,85.1,96.4,95.7541,29-Sep-2026,02-Jan-2013,13.7,63.0,7,51,13.7
148980,BANK OF INDIA Large Cap Fund Direct Plan Growth,Large Cap,4.06,11.95,9.24,5.71,11.17,0.74,5.03,10.09,13.53,15.94,,0.47,0.57,15.2,-22.59,0.53,-1.54,112.4,99.3,5.74,1.055,0.851,0.068,1.01,73.4,100.0,17.41,29-Sep-2026,01-Jul-2021,5.2,63.0,7,51,13.7
118870,Taurus Large Cap Fund - Direct Plan - Growth,Large Cap,7.07,12.73,10.01,9.96,10.46,8.46,7.13,10.71,12.95,11.31,10.67,0.56,0.72,13.89,-35.12,0.36,-1.38,104.2,97.0,6.88,0.976,0.871,0.0797,1.3,79.4,95.4,175.49,29-Sep-2026,03-Jan-2013,13.7,62.9,10,51,19.6
118641,Reliance Focused Large Cap Fund - Direct Plan Growth Plan - Bonus Option,Large Cap,9.37,9.84,16.24,7.55,15.02,5.48,11.95,13.82,19.61,14.36,,0.32,0.41,14.63,-23.44,0.42,-1.48,102.3,100.1,0.45,1.032,0.883,0.0459,0.15,85.9,100.0,31.0443,27-Apr-2018,12-Feb-2013,5.2,62.1,11,51,21.6
118643,Reliance Focused Large Cap Fund - Direct Plan Growth Plan - Growth Option,Large Cap,9.37,9.84,16.24,7.29,14.17,5.48,11.95,13.82,19.27,14.3,,0.32,0.41,14.63,-23.44,0.42,-1.48,102.3,100.1,0.45,1.032,0.883,0.0459,0.15,86.3,100.0,31.0443,27-Apr-2018,03-Jan-2013,5.3,62.0,12,51,23.5
150797,WhiteOak Capital Large Cap Fund Direct Plan Growth,Large Cap,-1.79,12.29,8.72,4.27,11.55,-5.59,3.96,8.0,18.11,,,0.54,0.68,13.42,-15.25,0.81,-1.39,97.7,95.5,6.42,0.97,0.922,0.0746,1.59,95.3,100.0,15.097,29-Sep-2026,02-Dec-2022,3.8,61.5,13,51,25.5
120490,JM Large Cap Fund (Direct) - Growth Option,Large Cap,-1.17,9.7,9.76,11.32,11.92,-4.62,1.29,8.27,14.63,13.36,12.9,0.32,0.39,15.06,-19.8,0.49,-1.5,111.3,100.3,3.44,1.067,0.886,0.0449,0.74,83.2,100.0,171.2085,29-Sep-2026,02-Jan-2013,13.7,61.4,14,51,27.5
148353,ITI Large Cap Fund - Direct Plan - Growth Option,Large Cap,0.25,10.3,8.19,6.55,11.67,-0.44,2.91,8.38,12.09,15.47,,0.35,0.43,15.62,-20.76,0.5,-1.59,118.8,101.5,3.85,1.105,0.885,0.0501,0.82,79.4,100.0,19.0975,29-Sep-2026,29-Dec-2020,5.7,60.5,15,51,29.4
120586,ICICI Prudential Large Cap Fund (erstwhile Bluechip Fund) - Direct Plan - Growth,Large Cap,-6.23,9.72,10.21,12.96,14.02,-10.84,0.58,8.15,17.01,15.66,15.32,0.35,0.47,12.67,-37.3,0.26,-1.28,91.6,95.4,4.06,0.934,0.961,0.0476,1.33,87.1,98.8,113.24,29-Sep-2026,02-Jan-2013,13.7,60.3,16,51,31.4
119308,L&T India Large Cap Fund - Direct Plan - Growth,Large Cap,3.92,14.8,11.47,13.32,13.47,12.31,18.38,14.87,15.73,11.93,11.73,0.52,0.58,21.61,-36.68,0.4,-1.97,85.4,98.5,-0.45,0.953,0.972,0.119,-0.34,80.6,97.5,45.671,25-Nov-2022,02-Jan-2013,9.9,59.5,17,51,33.3
118269,CANARA ROBECO LARGE CAP FUND - DIRECT PLAN - GROWTH OPTION,Large Cap,-4.86,9.31,8.27,13.17,13.45,-8.38,1.31,7.36,16.12,15.34,15.56,0.31,0.41,13.16,-32.56,0.29,-1.29,97.4,97.3,3.45,0.973,0.966,0.042,1.31,87.5,100.0,68.53,29-Sep-2026,02-Jan-2013,13.7,59.4,18,51,35.3
118617,Edelweiss Large Cap Fund - Direct Plan-Growth option,Large Cap,-2.24,9.39,9.38,12.64,13.52,-5.95,1.95,8.26,16.06,14.88,14.79,0.31,0.4,13.2,-35.15,0.27,-1.37,95.4,96.7,3.55,0.97,0.953,0.043,1.14,86.1,99.8,93.24,29-Sep-2026,08-Jan-2013,13.7,59.4,18,51,35.3
120152,Kotak Large Cap  Fund - Growth - Direct,Large Cap,-4.3,9.35,8.44,12.25,13.35,-8.67,1.49,7.55,16.26,14.97,14.76,0.31,0.41,13.23,-36.94,0.25,-1.38,97.6,97.3,3.48,0.976,0.961,0.0424,1.24,86.5,98.9,625.12,29-Sep-2026,02-Jan-2013,13.7,58.8,20,51,39.2
120030,HSBC Large Cap Fund - Direct Growth,Large Cap,-0.76,9.53,8.54,11.6,12.04,-4.73,2.23,7.88,14.78,13.63,13.44,0.31,0.4,14.25,-36.05,0.26,-1.38,106.5,99.4,3.41,1.032,0.926,0.0435,0.92,81.7,98.9,514.5937,29-Sep-2026,02-Jan-2013,13.7,58.6,21,51,41.2
119367,Baroda Large cap Fund - Plan B (Direct) - Growth Option,Large Cap,8.55,14.06,11.0,10.42,11.39,0.29,17.25,13.32,16.88,10.79,10.87,0.5,0.57,20.69,-33.11,0.42,-1.81,84.2,98.0,0.91,0.914,0.964,0.1143,-0.11,76.5,96.9,21.9588,13-Mar-2022,04-Jan-2013,9.2,58.5,22,51,43.1
119133,Groww Largecap Fund (formerly known as Indiabulls Blue Chip Fund) - Direct Plan - Growth Option,Large Cap,-3.13,9.5,8.48,10.95,11.77,-6.5,1.87,7.59,14.16,13.39,13.01,0.32,0.42,13.89,-36.59,0.26,-1.38,102.5,98.5,3.48,1.009,0.932,0.0436,0.96,86.5,98.6,49.79,29-Sep-2026,02-Jan-2013,13.7,58.2,23,51,45.1
150187,BARODA BNP PARIBAS LARGE CAP Fund - Direct Plan - Growth Option,Large Cap,-1.32,10.6,10.64,5.19,11.77,-5.45,2.06,8.26,16.09,,,0.41,0.52,13.26,-18.16,0.58,-1.37,94.9,95.8,4.84,0.958,0.922,0.0569,1.18,87.6,100.0,246.6104,29-Sep-2026,14-Mar-2022,4.5,58.0,24,51,47.1
119160,Tata Large Cap Fund -Direct Plan Growth Option,Large Cap,-3.34,9.07,8.54,11.48,12.55,-8.4,1.25,7.39,15.33,13.99,13.71,0.28,0.36,13.97,-37.57,0.24,-1.39,102.6,98.8,3.04,1.015,0.933,0.039,0.85,84.7,98.0,554.578,29-Sep-2026,02-Jan-2013,13.7,57.7,25,51,49.0
139017,DHFL Pramerica Large Cap Fund - Series 3 - Direct Plan - Growth,Large Cap,1.13,11.88,6.97,3.42,13.59,-5.15,7.68,7.68,16.98,,,0.73,1.06,11.14,-13.12,0.91,-1.09,91.6,96.9,1.36,0.931,0.936,0.0873,0.15,100.0,,12.8972,29-Oct-2018,08-Mar-2016,2.6,57.0,26,51,51.0
119528,Aditya Birla Sun Life Large Cap Fund - Growth - Direct Plan,Large Cap,-4.63,8.55,8.24,11.17,13.13,-8.39,0.99,7.12,16.09,14.38,13.89,0.25,0.33,13.04,-37.66,0.23,-1.25,95.2,97.2,2.75,0.964,0.966,0.034,1.01,84.5,97.5,548.94,29-Sep-2026,02-Jan-2013,13.7,56.5,27,51,52.9
119148,Navi Large Cap Equity Fund-Direct Plan-Growth Option,Large Cap,-0.54,11.87,8.78,11.5,12.1,-10.34,13.69,11.25,15.92,12.27,12.23,0.38,0.43,22.32,-38.19,0.31,-1.9,90.7,98.9,0.23,0.976,0.975,0.0869,-0.03,84.5,96.2,35.4395,15-Jul-2022,02-Jan-2013,9.5,56.4,28,51,54.9
152354,Motilal Oswal Large Cap Direct Plan Growth,Large Cap,-3.28,10.92,6.41,3.16,12.56,-5.83,3.35,3.35,10.49,,,0.55,0.73,13.77,-15.82,0.69,-1.35,105.4,95.4,10.0,0.976,0.913,0.077,2.32,82.4,,13.5203,29-Sep-2026,12-Feb-2024,2.6,56.3,29,51,56.9
119598,SBI Large Cap FUND-DIRECT PLAN -GROWTH,Large Cap,-1.68,8.38,8.43,11.43,13.81,-6.17,2.34,7.54,16.65,14.97,14.48,0.23,0.31,12.58,-37.08,0.23,-1.28,87.9,95.2,2.83,0.922,0.938,0.0331,0.68,88.4,98.2,99.5618,29-Sep-2026,02-Jan-2013,13.7,55.9,30,51,58.8
119018,HDFC Large Cap Fund - Growth Option - Direct Plan,Large Cap,-4.19,7.96,9.76,11.83,12.58,-8.27,0.09,7.44,16.17,14.41,14.03,0.2,0.26,13.54,-40.81,0.2,-1.32,96.4,97.9,2.02,0.996,0.957,0.0274,0.7,81.2,96.6,1165.784,29-Sep-2026,01-Jan-2013,13.7,55.7,31,51,60.8
118825,Mirae Asset Large Cap Fund - Direct Plan - Growth,Large Cap,-3.78,7.76,7.08,12.18,14.46,-7.59,1.55,6.42,17.66,15.69,15.45,0.19,0.25,13.32,-37.44,0.21,-1.36,97.8,98.4,1.89,0.983,0.962,0.0253,0.67,88.1,99.6,121.265,29-Sep-2026,02-Jan-2013,13.7,55.7,31,51,60.8
119250,DSP Large Cap Fund - Direct Plan - Growth,Large Cap,-6.54,9.81,8.52,10.21,11.01,-10.79,0.61,7.88,14.25,12.81,12.19,0.36,0.51,12.28,-40.33,0.24,-1.21,83.9,92.9,4.45,0.884,0.915,0.0507,0.91,78.3,97.7,477.741,29-Sep-2026,02-Jan-2013,13.7,55.5,33,51,64.7
118531,Franklin India Large Cap Fund- Direct - Growth,Large Cap,-4.39,8.83,7.01,10.34,11.57,-8.77,1.14,6.57,14.55,12.95,12.52,0.27,0.38,12.85,-36.25,0.24,-1.33,90.3,95.6,3.23,0.931,0.927,0.0379,0.75,81.4,95.7,1072.4536,29-Sep-2026,01-Jan-2013,13.7,54.1,34,51,66.7
146549,Mahindra Manulife Large Cap Fund - Direct Plan -Growth,Large Cap,-5.99,7.57,7.74,9.06,12.21,-11.29,-0.63,6.05,16.28,16.93,,0.17,0.23,13.05,-35.27,0.21,-1.34,93.8,97.4,1.79,0.964,0.965,0.0233,0.62,81.2,100.0,23.8591,29-Sep-2026,19-Mar-2019,7.5,53.8,35,51,68.6
120465,Axis Large Cap Fund - Direct Plan - Growth,Large Cap,-3.68,8.11,5.09,11.9,13.09,-6.08,1.21,5.53,15.19,14.03,14.41,0.21,0.29,12.75,-30.1,0.27,-1.31,92.0,96.6,2.49,0.936,0.941,0.0298,0.63,83.5,100.0,66.54,29-Sep-2026,02-Jan-2013,13.7,53.5,36,51,70.6
148507,Sundaram Large Cap Fund (Formerly Known as Sundaram Blue Chip Fund)Direct Plan - Growth,Large Cap,-3.45,6.83,7.26,8.01,13.79,-7.04,0.17,5.9,13.04,14.4,,0.11,0.15,12.85,-16.17,0.42,-1.28,90.0,96.8,1.17,0.946,0.956,0.0153,0.28,86.1,100.0,21.6217,29-Sep-2026,12-Oct-2020,6.0,51.9,37,51,72.5
120267,LIC MF Large Cap Fund-Direct Plan-Growth,Large Cap,-5.42,7.5,5.7,10.11,11.38,-7.78,0.08,5.04,13.95,12.62,12.66,0.17,0.22,13.92,-33.09,0.23,-1.4,102.4,99.6,1.56,1.006,0.922,0.0229,0.41,79.8,99.8,59.245,29-Sep-2026,02-Jan-2013,13.7,51.7,38,51,74.5
138312,PGIM India Large Cap Fund - Direct Plan - Growth,Large Cap,-4.55,7.02,6.17,10.39,11.55,-7.27,0.66,5.77,13.03,12.67,13.41,0.13,0.17,13.03,-37.38,0.19,-1.27,93.2,97.6,1.33,0.953,0.946,0.0176,0.32,82.0,98.0,382.29,29-Sep-2026,08-Mar-2016,10.6,49.9,39,51,76.5
120656,UTI Large Cap Fund - Direct Plan - Growth Option,Large Cap,-6.33,6.48,6.08,10.87,12.07,-9.59,-0.56,4.96,14.9,13.53,13.61,0.08,0.11,12.53,-34.65,0.19,-1.29,87.6,96.4,0.95,0.923,0.958,0.0113,0.15,82.4,99.5,278.8182,29-Sep-2026,02-Jan-2013,13.7,49.1,40,51,78.4
141248,Union Largecap Fund - Direct Plan - Growth Option,Large Cap,-4.69,6.73,6.5,8.93,9.56,-8.37,-0.35,5.41,12.08,13.7,13.86,0.11,0.13,13.87,-36.39,0.18,-1.39,96.7,98.7,0.77,1.009,0.935,0.0148,0.23,77.3,98.5,23.56,29-Sep-2026,18-May-2017,9.4,48.9,41,51,80.4
120100,DHFL Pramerica Large Cap Equity Fund - Direct Plan-Growth Option,Large Cap,-16.2,9.39,3.9,1.93,6.23,-19.65,2.66,3.06,16.82,,,0.29,0.39,16.13,-22.75,0.41,-1.67,91.1,98.8,-0.45,0.96,0.953,0.048,-0.26,86.0,100.0,11.48,03-Mar-2016,02-Jan-2013,3.2,45.6,42,51,82.4
152783,BAJAJ FINSERV LARGE CAP FUND - DIRECT PLAN - GROWTH,Large Cap,0.5,-0.16,-0.1,-0.05,-0.23,-3.79,0.24,0.24,5.17,,,-0.46,-0.66,12.9,-16.95,-0.01,-1.45,95.5,97.0,3.28,0.945,0.915,-0.0625,0.88,86.2,,10.018,29-Sep-2026,23-Aug-2024,2.1,34.4,43,51,84.3
138991,PGIM India Large Cap Fund - Series 2 - Direct Plan - Growth,Large Cap,-23.43,-1.28,3.51,1.74,4.31,-39.0,-12.44,-5.81,11.05,,,-0.39,-0.42,16.63,-33.89,-0.04,-1.33,82.9,97.0,-0.56,0.834,0.895,-0.077,-0.11,90.7,96.6,10.3059,07-Apr-2020,08-Mar-2016,4.1,32.8,44,51,86.3
154155,Parag Parikh Large Cap Fund - Direct Plan - Growth,Large Cap,-8.69,-2.99,-1.8,-0.91,-13.18,,,,,,,-1.23,-1.72,15.31,-13.81,-0.22,-1.71,105.1,99.2,4.46,1.009,0.988,-0.1874,2.56,,,9.1299,29-Sep-2026,06-Feb-2026,0.6,29.5,45,51,88.2
134001,DWS Large Cap Fund - Series 1 - Direct Plan - Growth,Large Cap,-14.93,-5.25,-3.18,-1.6,-15.86,-18.3,-18.3,-18.3,,,,-0.79,-1.43,25.53,-27.85,-0.19,-1.99,237.8,107.4,0.43,1.17,0.63,-0.172,-0.11,,,8.2977,02-Mar-2016,26-Mar-2015,0.9,28.1,46,51,90.2
134413,DWS Large Cap Fund - Series 3 - Direct Plan - Growth,Large Cap,-8.67,-2.98,-1.8,-0.9,-10.23,-14.92,-14.92,-14.92,,,,-0.88,-1.15,17.65,-18.4,-0.16,-1.79,95.7,99.2,0.92,0.992,0.984,-0.1567,0.45,,,9.1148,02-Mar-2016,30-Apr-2015,0.8,25.7,47,51,92.2
134134,DWS Large Cap Fund - Series 2 - Direct Plan - Growth,Large Cap,-15.52,-5.47,-3.32,-1.67,-17.32,-17.81,-17.81,-17.81,,,,-1.29,-1.71,17.67,-20.16,-0.27,-1.83,98.5,99.6,0.82,1.002,0.985,-0.228,0.36,,,8.5704,02-Mar-2016,13-Apr-2015,0.9,25.5,48,51,94.1
154307,JioBlackRock Large Cap Fund - Direct Plan - Growth Option,Large Cap,-5.95,-2.02,-1.22,-0.61,,,,,,,,-1.66,-2.45,11.19,-7.74,-0.26,-1.31,89.4,98.2,-1.4,0.964,0.943,-0.1933,-0.36,,,9.4613,29-Sep-2026,16-Apr-2026,0.5,22.3,49,51,96.1
153239,Samco Large Cap Fund - Direct Plan - Growth Option,Large Cap,-7.45,-4.07,-2.46,-1.24,-7.94,-10.28,-9.33,-9.33,,,,-1.32,-1.68,10.72,-13.87,-0.29,-1.32,35.5,79.7,-7.43,0.47,0.341,-0.3019,-0.66,0.0,,8.82,29-Sep-2026,28-Mar-2025,1.5,16.4,50,51,98.0
119914,ING Large Cap Equity Fund - Direct Plan - Growth Option,Large Cap,-63.83,-30.16,-19.38,-10.21,-45.66,-48.52,-49.71,-49.71,-48.91,,,-0.66,-0.43,54.08,-68.64,-0.44,-1.6,20.7,96.7,-39.46,0.836,0.061,-0.4255,-1.01,4.9,,10.64,09-Oct-2014,02-Jan-2013,1.8,14.6,51,51,100.0
120403,Invesco India Midcap Fund - Direct Plan - Growth Option,Mid Cap,8.81,22.17,18.8,18.9,20.62,9.38,14.9,20.18,25.03,21.4,20.28,1.06,1.38,17.27,-34.09,0.65,-1.86,114.7,93.6,16.35,1.026,0.623,0.1785,1.44,89.5,99.6,232.6,29-Sep-2026,02-Jan-2013,13.7,84.9,1,111,0.9
147704,Motilal Oswal Large and Midcap Fund - Direct Plan Growth,Mid Cap,7.64,20.86,18.36,14.59,21.68,12.46,13.9,19.87,27.52,26.57,,0.9,1.15,19.28,-37.44,0.56,-2.04,122.6,96.1,15.17,1.066,0.54,0.1633,1.11,93.9,100.0,39.898,29-Sep-2026,22-Oct-2019,6.9,83.8,2,111,1.8
120357,Invesco India Large & Mid Cap Fund - Direct Plan - Growth,Mid Cap,7.65,21.43,16.42,16.83,17.52,9.73,13.37,18.28,19.94,17.9,17.08,1.04,1.37,16.75,-35.31,0.61,-1.73,121.8,95.9,15.32,1.052,0.696,0.1657,1.58,88.7,99.8,127.04,29-Sep-2026,02-Jan-2013,13.7,82.9,3,111,2.7
120381,ICICI Prudential MidCap Fund - Direct Plan -  Growth,Mid Cap,12.78,19.86,16.23,16.27,18.87,6.6,12.45,17.45,24.62,19.37,18.02,0.9,1.12,17.89,-44.04,0.45,-1.96,132.3,98.9,13.69,1.092,0.658,0.1467,1.28,84.2,95.2,370.34,29-Sep-2026,02-Jan-2013,13.7,81.6,4,111,3.6
140228,Edelweiss Mid Cap Fund - Direct Plan - Growth Option,Mid Cap,6.16,19.02,17.39,19.27,19.62,1.88,9.9,17.29,22.35,22.66,23.53,0.89,1.09,16.74,-39.21,0.49,-1.76,113.3,95.2,13.19,1.022,0.657,0.1458,1.28,84.2,96.4,122.636,29-Sep-2026,28-Nov-2016,9.8,80.7,5,111,4.5
127042,Motilal Oswal Midcap Fund-Direct Plan-Growth Option,Mid Cap,0.92,17.37,19.87,16.52,21.33,6.35,6.89,16.65,21.87,20.45,19.51,0.75,1.04,17.89,-37.23,0.47,-1.84,119.1,97.5,11.85,1.013,0.566,0.1322,0.96,80.5,95.2,114.3124,29-Sep-2026,25-Feb-2014,12.6,80.3,6,111,5.4
148733,ITI Mid Cap Fund - Direct Plan - Growth Option,Mid Cap,9.9,18.32,15.35,9.5,17.74,5.55,9.27,16.8,20.54,25.14,,0.8,0.93,18.1,-22.66,0.81,-2.08,123.4,97.9,12.27,1.089,0.64,0.133,1.12,84.0,100.0,24.7626,29-Sep-2026,10-Mar-2021,5.6,79.9,7,111,6.3
151036,HSBC Midcap Fund - Direct Growth,Mid Cap,17.75,22.12,17.42,8.36,23.29,17.38,16.08,20.32,28.01,,,0.99,1.2,18.81,-25.96,0.85,-2.08,124.1,95.8,16.31,1.066,0.568,0.1747,1.26,94.6,100.0,517.4572,29-Sep-2026,28-Nov-2022,3.8,79.0,8,111,7.2
118665,Nippon India Growth Mid Cap Fund - Direct Plan Growth Plan - Bonus Option,Mid Cap,6.22,16.94,17.03,17.6,17.72,3.12,9.13,16.88,22.52,20.05,19.2,0.76,0.94,16.68,-35.32,0.48,-1.84,109.2,95.4,11.03,1.035,0.68,0.1227,1.13,86.8,97.0,793.501,29-Sep-2026,03-Jan-2013,13.7,78.7,9,111,8.1
118668,Nippon India Growth Mid Cap Fund - Direct Plan Growth Plan - Growth Option,Mid Cap,6.22,16.94,17.03,17.6,17.73,3.12,9.13,16.88,22.52,20.05,19.2,0.76,0.94,16.68,-35.32,0.48,-1.84,109.2,95.4,11.03,1.035,0.68,0.1227,1.13,86.8,97.0,4776.2016,29-Sep-2026,02-Jan-2013,13.7,78.7,9,111,8.1
148073,Union Midcap Fund - Direct Plan - Growth Option,Mid Cap,8.09,15.51,14.49,18.12,29.2,6.51,10.04,15.0,27.28,23.95,,0.66,0.79,17.01,-21.26,0.73,-1.77,106.1,95.4,9.68,1.037,0.656,0.1086,0.95,95.8,100.0,54.92,29-Sep-2026,30-Mar-2020,6.5,78.0,11,111,9.9
150584,WhiteOak Capital Mid Cap Fund Direct Plan Growth,Mid Cap,12.65,20.18,17.45,8.37,21.92,10.92,14.18,19.24,27.43,,,1.0,1.23,16.03,-19.33,1.04,-1.69,103.3,91.8,14.57,0.973,0.651,0.1642,1.42,100.0,100.0,22.52,29-Sep-2026,08-Sep-2022,4.1,77.8,12,111,10.8
142110,Mahindra Manulife Mid Cap Fund - Direct Plan -Growth,Mid Cap,7.37,15.67,16.58,15.46,18.09,1.83,7.68,16.02,22.82,25.7,25.0,0.67,0.81,17.1,-33.1,0.47,-1.91,115.0,97.6,9.73,1.053,0.67,0.1087,0.98,82.2,100.0,39.3483,29-Sep-2026,06-Feb-2018,8.6,77.0,13,111,11.7
138950,DHFL Pramerica Mid Cap Fund - Series 1 - Direct Plan - Growth,Mid Cap,42.06,17.92,10.4,5.07,32.04,31.29,28.06,28.06,29.73,,,2.17,2.66,12.6,-15.56,1.15,-1.32,92.4,87.1,11.68,0.915,0.655,0.2993,1.26,100.0,,18.4641,18-Dec-2017,08-Mar-2016,1.8,77.0,13,111,11.7
119775,Kotak Midcap Fund - Direct Plan - Growth,Mid Cap,3.37,15.84,15.62,17.15,19.47,1.9,8.95,15.06,25.34,21.84,20.6,0.71,0.89,16.17,-35.97,0.44,-1.73,99.9,93.6,10.2,0.991,0.663,0.1154,1.03,87.7,97.5,161.846,29-Sep-2026,03-Jan-2013,13.7,75.5,15,111,13.5
118419,Bandhan Large & Mid Cap Fund - Direct Plan - Growth,Mid Cap,3.22,16.7,16.08,15.6,15.23,0.21,7.78,15.47,18.63,17.42,16.5,0.82,0.99,14.35,-38.54,0.43,-1.52,101.9,93.8,10.94,0.965,0.788,0.1246,1.52,86.2,96.4,160.786,29-Sep-2026,02-Jan-2013,13.7,75.3,16,111,14.4
146772,HSBC Large & Mid Cap Fund - Direct Growth,Mid Cap,8.95,16.3,13.81,12.31,16.77,8.2,10.47,15.12,20.77,20.8,,0.69,0.81,17.73,-36.1,0.45,-1.84,117.0,97.6,10.37,1.067,0.64,0.1148,0.97,82.9,100.0,31.8913,29-Sep-2026,04-Apr-2019,7.5,75.0,17,111,15.3
118989,HDFC Mid Cap Fund - Growth Option - Direct Plan,Mid Cap,5.06,15.27,17.78,16.62,19.66,0.35,7.92,16.52,24.45,21.09,19.5,0.7,0.86,15.1,-39.51,0.39,-1.53,91.1,91.3,9.83,0.94,0.684,0.1132,1.05,87.2,96.3,221.354,29-Sep-2026,01-Jan-2013,13.7,74.8,18,111,16.2
119581,Sundaram Mid Cap Fund Direct Plan - Growth,Mid Cap,4.84,16.45,15.97,13.86,17.34,0.44,8.2,15.75,22.36,18.61,16.55,0.75,0.96,15.95,-44.31,0.37,-1.74,103.4,94.2,10.84,0.98,0.667,0.1228,1.1,85.3,92.3,1563.7997,29-Sep-2026,02-Jan-2013,13.7,74.5,19,111,17.1
150815,JM Midcap Fund (Direct) - Growth,Mid Cap,9.6,17.77,16.89,8.12,22.51,13.12,11.23,16.9,26.41,,,0.77,0.96,18.02,-22.54,0.79,-1.94,118.1,97.0,11.99,1.05,0.6,0.1319,1.02,85.9,100.0,21.9087,29-Sep-2026,25-Nov-2022,3.8,74.4,20,111,18.0
120002,BNP Paribas Mid Cap Fund - Direct Plan - Growth Option,Mid Cap,19.76,23.19,16.2,17.62,19.31,8.48,29.76,20.02,25.14,16.29,15.66,1.03,1.11,18.99,-35.55,0.65,-1.74,54.7,87.4,12.2,0.727,0.722,0.2702,0.61,80.7,93.5,63.1554,13-Mar-2022,02-Jan-2013,9.2,74.3,21,111,18.9
147445,Mirae Asset Midcap Fund- Direct Growth Option,Mid Cap,7.35,14.23,14.59,15.51,22.28,4.65,9.31,14.63,27.59,24.65,,0.6,0.74,16.12,-37.38,0.38,-1.86,105.2,96.1,8.58,0.994,0.672,0.0979,0.89,95.3,100.0,41.96,29-Sep-2026,30-Jul-2019,7.2,73.9,22,111,19.8
148807,Aditya Birla Sun Life Nifty Midcap 150 Index Fund-Direct Growth,Mid Cap,4.21,13.24,14.39,9.42,17.86,-0.37,5.91,13.76,19.37,23.12,,0.52,0.63,17.26,-21.19,0.62,-1.99,116.2,99.2,7.31,1.062,0.669,0.084,0.75,92.7,100.0,24.7236,29-Sep-2026,06-Apr-2021,5.5,73.4,23,111,20.7
148726,Nippon India Nifty Midcap 150 Index Fund - Direct Plan - Growth Option,Mid Cap,4.35,13.14,14.26,9.76,18.11,-0.27,5.95,13.7,19.22,23.06,,0.51,0.62,17.23,-21.44,0.61,-1.99,115.9,99.2,7.22,1.06,0.669,0.083,0.74,92.9,100.0,25.3222,29-Sep-2026,23-Feb-2021,5.6,73.2,24,111,21.6
129725,Principal Index Fund- Midcap- Direct Plan - Growth,Mid Cap,33.92,17.92,14.29,6.91,24.26,29.95,19.96,20.35,15.33,,,0.79,0.92,17.38,-18.45,0.97,-1.75,109.5,97.3,9.09,1.037,0.712,0.1331,0.97,87.2,,19.9063,09-Jun-2017,13-May-2014,3.1,72.8,25,111,22.5
120505,Axis Midcap Fund - Direct Plan - Growth,Mid Cap,6.02,15.38,12.48,16.96,18.26,5.49,9.07,13.56,22.5,19.35,19.25,0.71,0.9,14.92,-29.36,0.52,-1.52,91.7,91.4,10.04,0.924,0.671,0.1162,1.05,87.4,100.0,137.84,29-Sep-2026,02-Jan-2013,13.7,72.8,25,111,22.5
120826,quant Large & Mid Cap Fund - Growth Option-Direct Plan,Mid Cap,10.27,14.44,15.36,15.55,17.62,11.5,6.66,13.36,22.01,20.12,18.82,0.61,0.76,16.59,-45.68,0.32,-1.68,108.4,96.7,8.67,1.02,0.667,0.0984,0.88,81.8,98.2,134.7625,29-Sep-2026,07-Jan-2013,13.7,72.6,27,111,24.3
149389,ICICI Prudential Nifty Midcap 150 Index Fund - Direct Plan - Growth,Mid Cap,4.31,13.09,14.19,6.86,14.94,-0.26,5.94,13.59,21.26,21.82,,0.51,0.62,17.24,-21.09,0.62,-1.99,116.0,99.3,7.17,1.061,0.669,0.0825,0.74,93.4,100.0,19.562,29-Sep-2026,23-Dec-2021,4.8,72.4,28,111,25.2
150404,BANDHAN MIDCAP FUND - GROWTH - DIRECT PLAN,Mid Cap,9.74,16.93,14.65,7.08,18.09,12.23,11.35,15.92,22.81,,,0.74,0.92,16.76,-22.71,0.75,-1.8,105.5,94.4,11.37,0.995,0.615,0.1279,1.03,92.0,100.0,19.834,29-Sep-2026,19-Aug-2022,4.1,71.1,29,111,26.1
149936,Axis Nifty Midcap 50 Index Fund - Direct Plan - Growth Option,Mid Cap,7.07,13.81,15.68,7.55,17.57,1.2,7.23,14.91,24.53,,,0.53,0.67,17.95,-20.27,0.68,-1.94,127.8,101.2,7.63,1.114,0.673,0.0868,0.78,94.0,100.0,20.728,29-Sep-2026,31-Mar-2022,4.5,71.0,30,111,27.0
119178,Tata Mid Cap Fund - Direct Plan- Growth Option,Mid Cap,4.96,13.28,14.25,15.81,18.45,0.64,6.29,13.58,23.45,19.69,18.63,0.55,0.66,15.68,-35.1,0.38,-1.7,95.5,94.0,7.75,0.971,0.677,0.0892,0.81,83.6,98.2,507.1782,29-Sep-2026,02-Jan-2013,13.7,70.5,31,111,27.9
147778,Principal Midcap Fund - Direct Plan- Growth,Mid Cap,47.78,22.91,13.18,6.38,36.24,40.3,48.83,48.83,62.03,,,1.53,1.51,22.11,-34.48,0.66,-1.9,63.8,90.1,18.09,0.802,0.792,0.4216,1.11,100.0,,18.605,31-Dec-2021,31-Dec-2019,2.0,70.5,31,111,27.9
140175,Edelweiss Large & Mid Cap Fund - Direct Plan - Growth Option,Mid Cap,2.73,12.84,12.1,15.94,16.23,-2.09,5.31,11.53,17.85,18.25,18.89,0.53,0.66,15.26,-34.92,0.37,-1.57,110.7,98.4,6.77,1.035,0.813,0.0785,1.03,87.0,99.7,102.636,29-Sep-2026,28-Nov-2016,9.8,70.2,33,111,29.7
120596,ICICI Prudential Large & Mid Cap Fund - Direct Plan - Growth,Mid Cap,-0.39,14.14,14.08,14.88,15.43,-4.62,5.39,12.74,18.72,17.01,16.4,0.69,0.89,13.23,-37.42,0.38,-1.3,90.5,92.1,8.69,0.904,0.825,0.1011,1.35,84.8,95.2,1112.64,29-Sep-2026,02-Jan-2013,13.7,70.0,34,111,30.6
118533,Franklin India Mid Cap Fund - Direct - Growth,Mid Cap,0.68,13.96,12.49,13.81,17.43,-2.14,4.9,12.68,21.96,18.63,17.05,0.6,0.75,15.68,-36.59,0.38,-1.7,100.9,95.1,8.32,0.982,0.693,0.0954,0.91,82.4,96.4,3029.1429,29-Sep-2026,01-Jan-2013,13.7,70.0,34,111,30.6
145110,Axis Large & Mid Cap Fund - Direct Plan - Growth,Mid Cap,5.06,14.29,11.57,14.13,18.14,4.0,7.98,12.58,21.29,21.29,21.37,0.68,0.87,13.45,-31.87,0.45,-1.38,88.9,91.4,8.98,0.891,0.767,0.1049,1.17,86.7,100.0,37.56,29-Sep-2026,26-Oct-2018,7.9,70.0,34,111,30.6
150817,Canara Robeco Mid Cap Fund- Direct Plan- Growth Option,Mid Cap,5.9,15.84,13.28,6.43,17.76,5.4,9.43,13.51,21.98,,,0.7,0.89,16.35,-21.24,0.75,-1.79,108.5,95.9,10.12,1.005,0.667,0.1141,1.03,98.6,100.0,18.67,29-Sep-2026,06-Dec-2022,3.8,70.0,34,111,30.6
148474,Baroda BNP Paribas Large and Mid Cap Fund- Direct Plan -Growth Option,Mid Cap,1.76,12.66,11.51,11.1,19.01,-2.2,3.85,10.74,19.59,20.64,,0.52,0.64,15.12,-20.61,0.61,-1.67,102.5,96.4,6.82,1.001,0.774,0.079,0.92,87.1,100.0,28.6756,29-Sep-2026,11-Sep-2020,6.0,69.4,38,111,34.2
119566,Sundaram Large and Midcap Fund Direct Plan - Growth,Mid Cap,6.56,13.32,11.49,14.7,14.73,5.75,7.85,11.94,18.45,16.52,16.18,0.57,0.71,15.14,-38.05,0.35,-1.54,108.1,97.5,7.28,1.026,0.811,0.0838,1.09,86.1,98.6,101.2807,29-Sep-2026,08-Jan-2013,13.7,69.3,39,111,35.1
141950,BANK OF INDIA Mid Cap Tax Fund Series 1 Direct Plan Growth,Mid Cap,9.58,13.79,11.39,11.81,13.88,12.44,9.39,13.08,18.65,20.9,20.11,0.54,0.67,17.62,-35.94,0.38,-1.93,112.1,97.9,7.98,1.054,0.633,0.0908,0.75,72.2,100.0,30.53,29-Sep-2026,26-Feb-2018,8.6,69.3,39,111,35.1
120158,Kotak Large & Midcap Fund - Direct- Growth,Mid Cap,0.28,12.16,12.8,14.73,15.93,-3.91,4.6,11.51,19.32,17.81,17.19,0.49,0.6,15.07,-36.03,0.34,-1.59,106.8,97.9,6.09,1.033,0.83,0.0714,0.99,89.6,98.8,389.918,29-Sep-2026,02-Jan-2013,13.7,68.8,41,111,36.9
120665,UTI Large & Mid Cap Fund - Direct Plan - Growth Option,Mid Cap,1.94,13.81,13.07,13.49,14.01,-3.47,5.31,12.69,17.5,15.45,14.67,0.64,0.82,13.8,-41.5,0.33,-1.45,98.2,94.6,8.1,0.952,0.841,0.0934,1.35,83.2,93.9,191.5776,29-Sep-2026,02-Jan-2013,13.7,68.7,42,111,37.8
144315,BANK OF INDIA Midcap Tax Fund Series 2 Direct Plan Growth,Mid Cap,5.7,12.79,10.49,13.54,17.38,8.38,7.38,11.89,20.63,20.58,20.68,0.48,0.59,17.66,-34.24,0.37,-1.92,116.2,99.4,6.91,1.067,0.645,0.0799,0.68,76.8,100.0,35.4,29-Sep-2026,26-Oct-2018,7.9,68.5,43,111,38.7
150212,BARODA BNP PARIBAS Mid Cap Fund - Direct Plan - Growth Option,Mid Cap,8.08,15.06,15.16,7.31,16.8,2.99,8.39,14.47,21.65,,,0.68,0.84,15.32,-18.64,0.81,-1.68,87.6,90.2,9.78,0.924,0.642,0.1132,0.96,92.4,100.0,128.4502,29-Sep-2026,14-Mar-2022,4.5,68.1,44,111,39.6
149892,Navi Nifty Midcap 150 Index Fund Direct Plan- Growth,Mid Cap,4.05,13.03,15.69,7.56,17.36,-0.5,5.79,13.34,22.27,,,0.5,0.61,17.24,-20.98,0.62,-1.99,115.9,99.3,7.11,1.061,0.669,0.0819,0.73,93.5,100.0,20.69,29-Sep-2026,11-Mar-2022,4.6,68.1,44,111,39.6
119909,ING Midcap Fund - Direct Plan - Growth Option,Mid Cap,69.61,14.88,8.68,4.25,26.57,69.0,52.16,52.16,45.16,,,1.27,1.82,18.06,-24.74,0.6,-1.88,95.4,95.8,9.73,0.87,0.591,0.2626,0.58,97.6,,36.84,09-Oct-2014,02-Jan-2013,1.8,68.0,46,111,41.4
119620,Aditya Birla Sun Life Midcap Fund - Growth - Direct Plan,Mid Cap,6.45,13.52,13.06,13.01,15.89,4.72,7.75,13.28,20.77,17.31,15.77,0.57,0.71,15.79,-45.08,0.3,-1.82,96.9,94.2,7.95,0.977,0.676,0.0914,0.83,78.2,92.3,913.48,29-Sep-2026,02-Jan-2013,13.7,67.8,47,111,42.3
118675,Nippon India Vision Large & Mid Cap Fund - Direct Plan Growth Plan - Bonus Option,Mid Cap,-1.36,13.29,12.04,12.48,13.46,-4.39,4.44,11.63,17.98,14.92,13.85,0.57,0.72,14.84,-45.02,0.3,-1.59,108.6,97.7,7.28,1.016,0.829,0.0838,1.16,79.5,92.5,261.8328,29-Sep-2026,02-Jan-2013,13.7,67.4,48,111,43.2
118678,Nippon India Vision Large & Mid Cap Fund - Direct Plan Growth Plan - Growth Option,Mid Cap,-1.36,13.29,12.04,12.48,13.4,-4.39,4.44,11.63,17.94,14.91,13.84,0.57,0.72,14.84,-45.02,0.3,-1.59,108.6,97.7,7.28,1.016,0.829,0.0838,1.16,79.5,92.5,1544.3553,29-Sep-2026,02-Jan-2013,13.7,67.4,48,111,43.2
119071,DSP Midcap Fund - Direct Plan - Growth,Mid Cap,2.58,12.82,10.85,13.65,16.44,0.2,6.27,12.01,21.42,18.21,16.94,0.52,0.66,15.85,-32.72,0.39,-1.67,98.1,95.0,7.29,0.974,0.668,0.0842,0.75,80.9,98.4,166.173,29-Sep-2026,02-Jan-2013,13.7,67.1,50,111,45.0
147750,Union Large & Midcap Fund - Direct Plan - Growth Option,Mid Cap,4.69,12.12,11.06,11.04,16.65,4.45,7.11,11.42,21.18,19.0,,0.48,0.57,15.42,-35.65,0.34,-1.52,104.4,97.2,6.11,1.033,0.792,0.0716,0.87,93.7,100.0,28.57,29-Sep-2026,13-Dec-2019,6.8,67.0,51,111,45.9
150673,SBI Nifty Midcap 150 Index Fund - Direct Plan - Growth,Mid Cap,4.28,13.11,13.63,6.6,17.48,-0.27,5.93,11.81,22.9,,,0.5,0.61,17.16,-21.1,0.62,-1.99,116.3,99.3,7.19,1.062,0.669,0.0827,0.74,92.9,100.0,19.0564,29-Sep-2026,11-Oct-2022,4.0,66.6,52,111,46.8
147840,Mahindra Manulife Large & Mid Cap Fund - Direct Plan -Growth,Mid Cap,4.36,10.94,11.81,11.65,17.76,2.18,4.67,10.85,24.09,21.58,,0.39,0.44,16.42,-32.9,0.33,-1.88,109.6,99.1,4.9,1.065,0.743,0.0596,0.63,88.3,100.0,30.1547,29-Sep-2026,01-Jan-2020,6.7,66.1,53,111,47.7
119218,DSP Large & Mid Cap Fund - Direct Plan - Growth,Mid Cap,-2.65,12.03,11.03,13.76,15.4,-8.11,2.51,10.47,19.14,17.44,16.57,0.5,0.62,14.31,-36.75,0.33,-1.44,98.1,95.7,6.18,0.986,0.839,0.0721,1.03,84.7,98.2,661.117,29-Sep-2026,02-Jan-2013,13.7,65.9,54,111,48.6
119350,BANK OF INDIA Large & Mid Cap Fund Direct Plan-Growth,Mid Cap,5.99,12.32,11.39,12.76,13.41,1.29,5.7,11.24,16.36,14.48,14.02,0.49,0.58,15.7,-37.85,0.33,-1.64,111.0,98.7,6.33,1.036,0.77,0.0739,0.85,80.3,97.0,104.45,29-Sep-2026,02-Jan-2013,13.7,65.8,55,111,49.5
119721,SBI LARGE & MIDCAP FUND -DIRECT PLAN -Growth,Mid Cap,1.29,11.81,12.66,14.03,15.89,-4.1,5.07,10.96,19.3,17.16,16.66,0.5,0.63,12.91,-36.43,0.32,-1.39,84.8,91.8,6.43,0.896,0.842,0.0745,1.03,89.5,98.2,676.0836,29-Sep-2026,02-Jan-2013,13.7,65.6,56,111,50.5
120841,quant Mid Cap Fund - Growth Option - Direct Plan,Mid Cap,5.24,9.91,15.14,17.92,16.26,4.69,2.16,11.27,19.54,19.21,19.47,0.31,0.39,17.17,-33.43,0.3,-1.79,99.1,97.0,4.53,0.993,0.591,0.0543,0.4,77.9,99.5,242.0666,29-Sep-2026,07-Jan-2013,13.7,65.6,56,111,50.5
130498,HDFC Large and Mid Cap Fund - Growth Option - Direct Plan,Mid Cap,-0.59,11.59,13.29,14.24,12.6,-3.28,3.81,11.62,15.07,15.74,15.6,0.45,0.55,15.04,-39.49,0.29,-1.59,106.7,98.2,5.51,1.035,0.836,0.0654,0.92,79.2,95.2,351.433,29-Sep-2026,30-Jun-2014,12.2,65.5,58,111,52.3
151724,HDFC NIFTY Midcap 150 Index Fund - Growth Option - Direct Plan,Mid Cap,4.16,13.03,13.33,6.46,19.94,-0.4,5.86,9.29,18.09,,,0.5,0.61,17.24,-21.08,0.62,-1.99,115.8,99.3,7.11,1.061,0.669,0.0819,0.73,91.4,100.0,18.6736,29-Sep-2026,21-Apr-2023,3.4,65.5,58,111,52.3
118278,CANARA ROBECO LARGE AND MID CAP FUND - DIRECT PLAN - GROWTH OPTION,Mid Cap,-2.49,11.42,9.75,14.31,18.41,-2.11,3.81,9.41,23.97,19.96,18.96,0.43,0.57,15.28,-36.2,0.32,-1.6,104.2,97.6,5.61,1.003,0.762,0.0661,0.73,85.0,98.9,283.76,29-Sep-2026,02-Jan-2013,13.7,65.3,60,111,54.1
133710,LIC MF Large & Mid Cap Fund-Direct Plan-Growth,Mid Cap,-1.04,12.11,10.41,13.64,13.45,-3.54,3.53,9.77,16.73,16.28,16.27,0.47,0.59,15.83,-33.92,0.36,-1.74,107.2,97.9,6.17,1.032,0.751,0.0722,0.79,79.7,98.9,43.2375,29-Sep-2026,26-Feb-2015,11.6,65.3,60,111,54.1
119807,L&T Mid Cap Fund-Direct Plan-Growth,Mid Cap,1.58,18.39,8.71,18.28,18.49,7.59,19.02,14.54,24.38,17.8,16.81,0.77,0.8,18.64,-39.82,0.46,-1.71,42.4,84.9,6.63,0.708,0.721,0.2027,0.11,78.9,93.4,230.1521,25-Nov-2022,02-Jan-2013,9.9,65.3,60,111,54.1
118834,Mirae Asset Large & Midcap Fund - Direct Plan - Growth,Mid Cap,1.2,10.73,9.88,15.57,19.84,-3.17,4.43,9.84,24.7,21.34,20.46,0.4,0.49,14.71,-36.87,0.29,-1.57,104.7,98.2,4.76,1.015,0.842,0.0573,0.81,87.7,99.8,169.612,29-Sep-2026,02-Jan-2013,13.7,65.2,63,111,56.8
140461,IDBI Midcap Fund Growth Direct,Mid Cap,17.88,25.0,11.28,7.62,12.0,24.54,17.17,17.32,11.83,12.3,,1.25,1.57,16.51,-42.81,0.58,-1.77,74.8,91.3,6.09,0.882,0.669,0.2345,0.36,60.3,82.0,20.9,28-Jul-2023,02-Feb-2017,6.5,65.0,64,111,57.7
149343,Edelweiss NIFTY Large Midcap 250 Index Fund - Direct Plan Growth,Mid Cap,-0.62,10.49,10.67,5.2,11.09,-5.29,2.88,9.55,16.48,17.52,,0.37,0.46,15.01,-18.87,0.56,-1.57,110.5,99.7,4.38,1.044,0.853,0.0538,0.79,93.0,100.0,16.4849,29-Sep-2026,03-Dec-2021,4.8,64.2,65,111,58.6
150902,Edelweiss Nifty Midcap150 Momentum 50 Index Fund - Direct Plan - Growth,Mid Cap,3.79,12.84,12.15,5.9,16.17,-0.24,3.42,9.99,24.58,,,0.45,0.57,19.93,-25.79,0.5,-2.11,135.8,103.0,6.65,1.172,0.61,0.0774,0.6,72.3,100.0,18.0284,29-Sep-2026,02-Dec-2022,3.8,63.6,66,111,59.5
119182,Tata Mid Cap Fund - Direct Plan Bonus(Growth),Mid Cap,22.65,14.39,13.93,6.74,22.54,28.02,18.33,18.77,13.06,,,0.67,0.78,15.29,-22.26,0.65,-1.61,79.7,89.6,8.62,0.89,0.658,0.1148,0.81,78.4,,130.4191,27-Oct-2017,12-Aug-2014,3.2,63.4,67,111,60.4
150738,Tata Nifty Midcap 150 Momentum 50 Index Fund - Growth - Direct Plan,Mid Cap,3.41,12.28,11.9,5.78,15.45,-0.76,3.01,10.06,24.1,,,0.43,0.54,19.9,-25.92,0.47,-2.12,135.0,103.1,6.12,1.169,0.61,0.0725,0.56,73.0,100.0,17.9327,29-Sep-2026,31-Oct-2022,3.9,62.7,68,111,61.3
118872,Taurus Mid Cap Fund - Direct Plan - Growth,Mid Cap,5.85,8.99,11.55,13.97,15.79,10.79,5.73,11.37,20.0,17.54,16.83,0.25,0.3,18.34,-32.8,0.27,-2.09,112.0,100.6,3.29,1.071,0.602,0.0435,0.32,75.9,98.4,133.43,29-Sep-2026,02-Jan-2013,13.7,62.4,69,111,62.2
125307,PGIM India Midcap Fund - Direct Plan - Growth Option,Mid Cap,0.27,10.69,10.01,15.46,16.98,1.42,5.25,9.4,19.52,18.18,18.74,0.38,0.5,15.29,-36.43,0.29,-1.59,91.7,94.6,5.31,0.946,0.675,0.062,0.55,80.9,97.3,74.73,29-Sep-2026,05-Dec-2013,12.8,62.3,70,111,63.1
120726,UTI Mid Cap Fund-Growth Option- Direct,Mid Cap,2.76,10.43,11.05,13.29,17.58,0.74,4.69,10.55,22.96,18.53,17.4,0.36,0.46,15.42,-40.75,0.26,-1.77,92.1,94.9,5.08,0.945,0.664,0.0595,0.51,82.7,96.6,337.2776,29-Sep-2026,02-Jan-2013,13.7,62.1,71,111,64.0
152002,LIC MF Mid Cap Fund-Direct Plan-Growth,Mid Cap,5.07,14.66,9.7,4.74,15.75,5.16,7.29,8.64,13.65,,,0.61,0.77,16.87,-21.47,0.68,-1.75,105.7,95.9,8.98,1.015,0.639,0.1018,0.86,81.4,,33.581,29-Sep-2026,31-Jul-2023,3.2,62.1,71,111,64.0
153326,Helios Mid Cap Fund - Direct Plan - Growth Option,Mid Cap,10.22,10.84,6.37,3.14,22.27,12.24,15.18,15.18,,,,1.12,1.54,16.3,-16.74,0.65,-1.77,116.8,91.6,21.81,0.994,0.661,0.1831,2.08,100.0,,13.7,29-Sep-2026,17-Mar-2025,1.5,61.7,73,111,65.8
119436,Aditya Birla Sun Life Large & Mid Cap Fund - Growth - Direct Plan,Mid Cap,3.43,10.29,6.98,10.74,14.22,1.71,5.25,8.89,18.13,15.07,14.1,0.35,0.43,15.4,-39.25,0.26,-1.66,104.4,98.3,4.3,1.035,0.797,0.0528,0.64,78.2,94.3,1024.61,29-Sep-2026,02-Jan-2013,13.7,59.0,74,111,66.7
119397,L&T Large and Midcap Fund-Direct Plan-Growth,Mid Cap,2.51,16.16,8.76,13.76,13.92,10.75,18.79,14.14,17.07,12.48,12.11,0.61,0.64,20.21,-38.15,0.42,-1.97,63.0,93.7,2.49,0.84,0.862,0.1477,-0.04,78.9,94.2,78.7889,25-Nov-2022,02-Jan-2013,9.9,58.9,75,111,67.6
135677,Navi Large & Midcap Fund- Direct Plan- Growth Option,Mid Cap,2.41,8.9,9.89,12.98,14.34,-0.12,4.41,8.94,16.39,15.37,16.67,0.26,0.35,14.75,-38.41,0.23,-1.59,100.9,98.4,3.19,0.986,0.789,0.0396,0.45,84.6,96.3,42.5711,29-Sep-2026,08-Dec-2015,10.8,58.7,76,111,68.5
119716,SBI MIDCAP FUND - DIRECT PLAN - GROWTH,Mid Cap,3.54,9.21,12.65,13.44,17.63,-0.54,3.43,10.17,22.73,19.24,17.88,0.29,0.35,13.54,-43.05,0.21,-1.49,70.6,88.0,4.53,0.818,0.637,0.0496,0.37,83.5,92.7,260.8431,29-Sep-2026,02-Jan-2013,13.7,58.6,77,111,69.4
118510,Franklin India Large & Mid Cap Fund - Direct - Growth,Mid Cap,-2.97,10.38,9.02,11.26,13.4,-5.57,2.9,8.54,17.18,14.34,13.61,0.38,0.5,13.95,-41.78,0.25,-1.46,90.6,94.6,4.81,0.945,0.81,0.0563,0.71,79.8,93.9,200.818,29-Sep-2026,01-Jan-2013,13.7,58.5,78,111,70.3
152226,Whiteoak Capital Large & Mid Cap Fund Direct Plan Growth,Mid Cap,3.24,10.98,6.45,3.18,12.0,-0.6,6.18,6.18,9.84,,,0.49,0.61,14.53,-16.02,0.69,-1.51,101.8,95.0,9.32,0.982,0.831,0.0719,1.48,98.9,,13.735,29-Sep-2026,26-Dec-2023,2.8,57.6,79,111,71.2
152157,Zerodha ELSS Tax Saver Nifty LargeMidcap 250 Index Fund - Direct Plan - Growth option,Mid Cap,0.07,10.97,6.44,3.17,11.43,-4.61,2.91,2.91,7.39,,,0.44,0.54,15.12,-18.72,0.59,-1.6,110.9,99.5,4.86,1.042,0.852,0.0633,0.87,90.9,,13.6809,29-Sep-2026,10-Nov-2023,2.9,54.1,80,111,72.1
152156,Zerodha Nifty LargeMidcap 250 Index Fund - Direct Plan - Growth option,Mid Cap,-0.02,10.9,6.4,3.15,11.35,-4.69,2.83,2.83,7.3,,,0.43,0.53,15.13,-18.75,0.58,-1.6,110.8,99.5,4.79,1.042,0.852,0.0626,0.85,90.9,,13.6523,29-Sep-2026,10-Nov-2023,2.9,53.8,81,111,73.0
152941,Helios Large & Mid Cap Fund - Direct Plan - Growth Option,Mid Cap,3.96,4.52,2.69,1.33,7.22,2.99,7.07,7.07,11.4,,,0.15,0.2,15.89,-18.04,0.25,-1.76,123.5,99.2,10.35,1.06,0.778,0.0218,1.3,100.0,,11.28,29-Sep-2026,04-Nov-2024,1.9,52.3,82,111,73.9
154210,TRUSTMF MID CAP FUND -DIRECT -GROWTH,Mid Cap,17.98,5.67,3.36,1.67,37.65,,,,,,,2.4,3.19,13.87,-6.05,0.94,-1.24,85.2,67.5,39.4,0.759,0.553,0.4388,3.37,,,11.81,29-Sep-2026,24-Mar-2026,0.5,51.8,83,111,74.8
119202,Tata Large & MId Cap Fund -Direct Plan- Growth Option,Mid Cap,-6.06,6.08,8.77,12.07,14.13,-7.51,-1.13,6.18,17.0,15.85,15.52,0.06,0.08,14.28,-35.69,0.17,-1.5,87.7,96.5,0.48,0.968,0.811,0.0091,0.04,84.5,99.3,547.515,29-Sep-2026,02-Jan-2013,13.7,51.5,84,111,75.7
152382,PGIM India Large and Midcap Fund - Direct Plan - Growth Option,Mid Cap,0.08,7.76,4.59,2.27,8.95,-0.33,3.87,3.87,6.57,,,0.27,0.35,14.1,-15.46,0.5,-1.43,97.6,95.1,7.33,0.949,0.826,0.0403,1.17,90.6,,12.69,29-Sep-2026,16-Feb-2024,2.6,50.3,85,111,76.6
153401,KOTAK NIFTY MIDCAP 150 INDEX FUND-DIRECT PLAN-GROWTH,Mid Cap,4.13,4.21,2.5,1.24,8.55,-0.36,2.66,2.66,,,,0.23,0.31,16.54,-14.04,0.3,-1.73,119.2,98.1,11.09,1.06,0.73,0.0366,1.21,100.0,,11.242,29-Sep-2026,28-Mar-2025,1.5,48.0,86,111,77.5
152408,Bajaj Finserv Large & Mid Cap Fund- Direct Plan- Growth,Mid Cap,1.32,7.04,4.16,2.06,8.22,-2.37,2.46,2.46,5.32,,,0.22,0.28,13.48,-16.2,0.43,-1.51,86.1,92.3,6.54,0.893,0.808,0.0334,0.99,88.0,,12.285,29-Sep-2026,29-Feb-2024,2.6,46.6,87,111,78.4
150428,DSP Nifty Midcap 150 Quality 50 Index Fund - Direct - Growth,Mid Cap,-3.05,7.16,6.92,3.4,8.39,-5.18,0.67,5.38,13.86,,,0.14,0.19,15.59,-21.41,0.33,-1.56,87.3,95.5,1.97,0.934,0.635,0.0237,0.16,76.4,100.0,14.0089,29-Sep-2026,04-Aug-2022,4.2,45.8,88,111,79.3
150313,UTI Nifty Midcap 150 Quality 50 Index Fund - Direct Plan - Growth Option,Mid Cap,-3.2,7.03,6.62,3.26,7.45,-5.27,0.54,5.85,13.19,,,0.13,0.18,15.6,-21.43,0.33,-1.56,87.2,95.6,1.84,0.935,0.635,0.0223,0.15,76.8,100.0,13.5834,29-Sep-2026,13-Apr-2022,4.5,45.4,89,111,80.2
152482,ICICI Prudential Nifty LargeMidcap 250 Index Fund - Direct Plan - Growth,Mid Cap,-0.57,5.37,3.19,1.58,6.37,-5.24,0.61,0.61,4.78,,,0.09,0.11,15.3,-18.91,0.28,-1.62,111.2,99.7,4.73,1.046,0.859,0.0127,0.82,86.4,,11.8659,29-Sep-2026,14-Mar-2024,2.5,44.9,90,111,81.1
152767,KOTAK NIFTY MIDCAP 50 INDEX FUND-DIRECT PLAN- GROWTH,Mid Cap,6.93,1.14,0.68,0.34,1.63,1.05,4.16,4.16,9.12,,,-0.19,-0.26,17.5,-20.42,0.06,-2.02,128.2,102.1,6.32,1.1,0.671,-0.0296,0.58,89.7,,10.478,29-Sep-2026,21-Aug-2024,2.1,43.9,91,111,82.0
153089,UTI Nifty Midcap 150 Index Fund - Direct Plan - Growth Option,Mid Cap,4.07,0.91,0.55,0.27,1.51,-0.47,3.32,3.32,8.84,,,-0.2,-0.26,17.31,-18.92,0.05,-2.03,123.2,101.4,5.96,1.092,0.684,-0.0313,0.57,100.0,,10.4871,29-Sep-2026,03-Dec-2024,1.8,43.5,92,111,82.9
153000,Baroda BNP Paribas Nifty Midcap 150 Index Fund - Direct Plan - Growth Option,Mid Cap,3.66,0.81,0.49,0.24,1.29,-1.02,2.86,2.86,8.71,,,-0.21,-0.28,17.19,-18.8,0.04,-2.05,120.7,101.2,5.56,1.07,0.676,-0.0342,0.53,100.0,,10.5066,29-Sep-2026,06-Nov-2024,1.9,42.6,93,111,83.8
153629,JM Large & Mid Cap Fund (Direct) - Growth Option,Mid Cap,4.06,1.35,0.81,0.4,3.51,3.32,3.3,3.3,,,,-0.13,-0.18,14.33,-15.48,0.09,-1.62,112.9,96.4,11.77,1.028,0.837,-0.0179,1.89,100.0,,10.4696,29-Sep-2026,30-Jul-2025,1.2,42.4,94,111,84.7
133144,DWS Mid Cap Fund - Series 1 - Direct Plan - Growth,Mid Cap,-3.42,3.43,2.04,1.02,8.86,-7.49,-3.03,-3.03,,,,0.25,0.31,18.27,-14.85,0.23,-2.05,100.0,93.1,21.04,0.933,0.746,0.0485,2.13,63.6,,11.1138,02-Mar-2016,23-Dec-2014,1.2,41.4,95,111,85.6
152855,Bandhan Nifty Midcap 150 Index Fund-Direct Plan-Growth,Mid Cap,4.11,-0.62,-0.37,-0.19,-0.92,-0.52,2.61,2.61,7.66,,,-0.35,-0.46,17.13,-21.05,-0.03,-2.04,120.3,100.9,5.92,1.074,0.67,-0.0556,0.54,92.6,,9.9508,29-Sep-2026,20-Sep-2024,2.0,40.2,96,111,86.5
153581,Tata Nifty Midcap 150 Index Fund - Direct Plan - Growth Option,Mid Cap,4.16,0.4,0.24,0.12,0.95,-0.44,0.09,0.09,,,,-0.28,-0.37,15.47,-14.05,0.03,-1.7,111.4,97.1,10.13,1.07,0.748,-0.0402,1.17,100.0,,10.3988,29-Sep-2026,25-Jun-2025,1.3,39.9,97,111,87.4
152821,ITI Large & Midcap Fund - Direct Plan - Growth,Mid Cap,5.77,0.3,0.18,0.09,0.44,8.46,5.37,5.37,2.85,,,-0.26,-0.35,17.26,-20.18,0.01,-2.09,130.7,102.4,6.58,1.121,0.726,-0.0405,0.64,67.3,,10.1677,29-Sep-2026,13-Sep-2024,2.0,39.8,98,111,88.3
152976,Mirae Asset Nifty LargeMidcap 250 Index Fund - Direct Plan - Growth,Mid Cap,-0.65,0.53,0.32,0.16,0.82,-5.31,-0.33,-0.33,6.07,,,-0.3,-0.42,14.91,-15.51,0.03,-1.72,112.8,100.6,3.77,1.045,0.856,-0.0433,0.64,93.9,,10.0265,29-Sep-2026,25-Oct-2024,1.9,38.5,99,111,89.2
152889,HDFC NIFTY LargeMidcap 250 Index Fund - Growth Option - Direct,Mid Cap,-0.55,-1.15,-0.69,-0.35,-1.74,-5.2,-0.43,-0.43,5.98,,,-0.48,-0.66,14.91,-16.75,-0.07,-1.78,112.4,101.0,2.83,1.051,0.855,-0.0685,0.46,94.1,,9.6592,29-Sep-2026,09-Oct-2024,2.0,36.2,100,111,90.1
153788,JioBlackRock Nifty Midcap 150 Index Fund - Direct Plan - Growth Option,Mid Cap,4.26,0.72,0.43,0.22,1.97,-0.32,-0.08,-0.08,,,,-0.2,-0.27,15.85,-13.99,0.05,-1.71,114.3,97.2,11.32,1.069,0.76,-0.0298,1.31,,,10.2977,29-Sep-2026,22-Aug-2025,1.1,35.9,101,111,91.0
120297,Sahara Midcap Fund-Growth Option - Direct,Mid Cap,-21.42,-5.12,3.92,7.5,10.48,-37.7,-14.77,-2.73,21.31,18.58,,-0.66,-0.75,15.94,-32.01,-0.16,-1.48,53.8,88.6,-2.4,0.667,0.579,-0.1578,-0.13,78.3,98.7,67.0164,03-Apr-2020,01-Jan-2013,7.3,35.6,102,111,91.9
154014,DSP Nifty Midcap 150 Index Fund - Direct - Growth,Mid Cap,-0.15,-0.05,-0.03,-0.02,-0.19,,,,,,,-0.3,-0.41,17.28,-14.0,-0.0,-2.01,119.5,95.9,18.74,1.062,0.777,-0.049,1.98,,,9.9819,29-Sep-2026,11-Dec-2025,0.8,35.4,103,111,92.8
153728,Bank of India Mid Cap Fund - Direct Plan Growth,Mid Cap,5.08,1.22,0.73,0.36,3.38,6.94,6.29,6.29,,,,-0.14,-0.19,14.46,-12.49,0.1,-1.7,77.9,86.3,11.55,0.88,0.621,-0.0223,1.31,,,10.35,29-Sep-2026,25-Aug-2025,1.1,34.3,104,111,93.7
153939,Groww Nifty Midcap 150 Index Fund Direct Growth,Mid Cap,-2.8,-0.94,-0.57,-0.28,-3.22,,,,,,,-0.49,-0.67,16.93,-14.0,-0.07,-1.92,115.9,96.8,14.18,1.065,0.769,-0.0787,1.51,,,9.78,29-Sep-2026,17-Nov-2025,0.9,34.1,105,111,94.6
152916,Kotak Nifty Midcap 150 Momentum 50 Index Fund-Direct Plan-Growth,Mid Cap,3.79,-3.09,-1.86,-0.94,-4.67,-0.4,0.51,0.51,3.35,,,-0.48,-0.67,19.72,-25.46,-0.12,-2.29,140.1,106.3,0.93,1.187,0.625,-0.0796,0.02,66.7,,9.23,29-Sep-2026,11-Oct-2024,2.0,33.4,106,111,95.5
154310,Edelweiss Nifty LargeMidcap 250 Plus 8-13 yr G-Sec 70-30 Index Fund Direct Plan Growth,Mid Cap,1.3,0.43,0.26,0.13,,,,,,,,-0.36,-0.52,9.04,-5.51,0.08,-0.99,59.3,76.6,9.12,0.719,0.843,-0.0458,2.26,,,10.407,29-Sep-2026,09-Apr-2026,0.5,28.9,107,111,96.4
154381,The Wealth Company Large & Mid Cap Fund Direct Growth,Mid Cap,-1.48,-0.5,-0.3,-0.15,,,,,,,,-1.0,-1.12,10.84,-6.99,-0.07,-1.13,70.6,85.0,4.68,0.804,0.586,-0.1349,0.93,,,9.8928,29-Sep-2026,12-Jun-2026,0.3,25.5,108,111,97.3
154321,Zerodha Nifty LargeMidcap250 Plus 8-13 Yr G-Sec 70:30 Index Fund - Direct Plan - Growth Option,Mid Cap,-2.1,-0.7,-0.42,-0.21,,,,,,,,-1.23,-1.69,8.84,-5.55,-0.13,-1.0,57.6,78.5,5.79,0.716,0.835,-0.1518,2.0,,,9.8137,29-Sep-2026,22-Apr-2026,0.4,25.0,109,111,98.2
149154,HSBC Midcap Fund - Direct Growth,Mid Cap,-3.03,-1.35,-0.81,-0.41,-3.46,2.22,0.88,0.88,,,,-0.46,-0.59,18.21,-24.51,-0.06,-2.15,53.7,93.5,-7.07,0.86,0.671,-0.0979,-0.77,,,9.6118,25-Nov-2022,29-Sep-2021,1.2,18.2,110,111,99.1
153534,Samco Large & Mid Cap Fund - Direct Plan - Growth Option,Mid Cap,-6.12,-4.99,-3.02,-1.52,-11.57,-7.72,-8.55,-8.55,,,,-1.53,-2.05,11.68,-15.01,-0.33,-1.45,33.4,76.9,-7.4,0.539,0.333,-0.3311,-0.36,0.0,,8.74,29-Sep-2026,30-Jun-2025,1.2,17.0,111,111,100.0
141226,Mahindra Manulife Multi Cap Fund - Direct Plan -Growth,Multi Cap,12.56,16.41,15.24,16.25,17.45,11.96,10.98,15.91,19.92,21.99,22.19,0.73,0.84,16.78,-34.44,0.48,-1.78,117.3,97.7,10.27,1.071,0.719,0.1136,1.15,84.2,99.7,45.1526,29-Sep-2026,18-May-2017,9.4,77.5,1,29,3.4
119452,Principal Multi Cap Growth Fund-Direct Plan - Growth Option,Multi Cap,47.35,21.35,19.76,16.01,17.96,43.77,34.35,21.95,21.12,14.28,14.95,0.87,0.91,20.63,-38.67,0.55,-1.72,78.2,95.2,4.86,0.919,0.925,0.1961,0.55,81.1,94.6,259.0319,31-Dec-2021,02-Jan-2013,9.0,74.2,2,29,6.9
147183,ITI Multi Cap Fund - Direct Plan - Growth Option,Multi Cap,13.12,16.33,13.67,11.4,15.77,13.21,10.66,15.88,18.71,19.0,,0.73,0.88,16.37,-38.66,0.42,-1.82,117.4,97.9,10.24,1.056,0.735,0.1138,1.2,76.3,100.0,29.4816,29-Sep-2026,16-May-2019,7.4,74.1,3,29,10.3
151290,HSBC Multi Cap Fund - Direct - Growth,Multi Cap,8.48,17.14,15.62,7.53,21.98,9.03,9.8,14.18,23.19,,,0.78,0.97,16.36,-20.07,0.85,-1.7,115.9,97.0,11.06,1.05,0.727,0.1223,1.26,92.8,100.0,20.6969,29-Sep-2026,03-Feb-2023,3.7,73.2,4,29,13.8
151443,Bank of India Multi Cap Fund Direct Plan - Growth,Multi Cap,12.74,16.62,15.16,7.31,21.87,10.7,11.15,14.3,20.65,,,0.76,0.88,16.21,-20.31,0.82,-1.67,113.9,96.9,10.71,1.026,0.707,0.1196,1.18,92.5,100.0,20.27,29-Sep-2026,06-Mar-2023,3.6,72.1,5,29,17.2
150659,LIC MF Multi Cap Fund-Direct Plan-Growth,Multi Cap,8.28,16.99,13.71,6.63,17.87,8.61,10.5,14.56,22.2,,,0.8,1.0,15.66,-19.32,0.88,-1.59,106.4,94.8,11.25,0.988,0.702,0.127,1.24,95.4,100.0,19.0509,29-Sep-2026,02-Nov-2022,3.9,71.4,6,29,20.7
119988,BNP Paribas MULTI CAP Fund - Direct Plan - Growth Option,Multi Cap,21.91,18.99,14.99,14.95,16.37,10.16,24.47,17.33,20.43,14.21,14.23,0.77,0.83,19.89,-36.18,0.52,-1.73,73.1,94.6,6.12,0.862,0.926,0.1792,0.6,81.8,96.3,83.9294,13-Mar-2022,02-Jan-2013,9.2,70.4,7,29,24.1
152071,WhiteOak Capital Multi Cap Fund Direct Plan Growth,Multi Cap,6.16,17.43,10.24,5.0,17.58,5.36,10.43,10.84,14.84,,,0.88,1.06,14.59,-16.93,1.03,-1.58,97.7,92.0,11.73,0.958,0.762,0.1337,1.51,100.0,,16.316,29-Sep-2026,25-Sep-2023,3.0,68.2,8,29,27.6
119354,Baroda BNP Paribas MULTI CAP FUND - Direct Plan - Growth Option,Multi Cap,2.11,13.49,11.88,13.79,14.35,0.03,4.99,11.42,17.76,15.91,15.48,0.57,0.69,15.37,-34.26,0.39,-1.68,99.1,95.0,7.78,0.987,0.729,0.0894,0.92,79.5,97.0,321.3321,29-Sep-2026,02-Jan-2013,13.7,67.8,9,29,31.0
118651,Nippon India Multi Cap Fund - Direct Plan Growth Plan - Bonus Option,Multi Cap,-2.1,12.05,15.58,15.1,15.34,-3.79,4.11,13.04,20.05,17.27,16.53,0.49,0.61,14.52,-42.75,0.28,-1.56,94.7,94.7,6.4,0.964,0.778,0.0743,0.87,81.5,93.8,319.6102,29-Sep-2026,02-Jan-2013,13.7,67.6,10,29,34.5
118650,Nippon India Multi Cap Fund - Direct Plan Growth Plan - Growth Option,Multi Cap,-2.1,12.05,15.58,15.1,15.34,-3.79,4.11,13.04,20.05,17.27,16.53,0.49,0.61,14.52,-42.75,0.28,-1.56,94.7,94.7,6.4,0.964,0.778,0.0743,0.87,81.5,93.8,319.6102,29-Sep-2026,02-Jan-2013,13.7,67.6,10,29,34.5
149303,BANDHAN MULTI CAP FUND - GROWTH - DIRECT PLAN,Multi Cap,1.16,11.53,12.57,6.1,13.06,-0.89,4.65,11.12,17.58,18.45,,0.46,0.57,13.69,-18.3,0.63,-1.43,91.2,94.0,5.98,0.936,0.816,0.0695,0.9,94.0,100.0,18.091,29-Sep-2026,03-Dec-2021,4.8,66.2,12,29,41.4
144200,Sundaram Multi Cap Fund Series II Direct Plan - Growth,Multi Cap,8.01,20.17,12.8,6.21,12.85,4.08,11.43,14.61,18.22,20.49,,1.04,1.31,14.79,-36.8,0.55,-1.45,75.7,94.5,0.57,0.909,0.89,0.1695,-0.27,88.0,100.0,18.309,25-Jul-2023,31-Jul-2018,5.0,66.0,13,29,44.8
149368,HDFC Multi Cap Fund - Growth Option - Direct Plan,Multi Cap,-2.85,10.37,13.58,6.57,14.18,-5.17,2.04,10.87,20.08,20.65,,0.37,0.45,14.96,-20.2,0.51,-1.62,103.7,98.2,4.42,1.019,0.819,0.0537,0.7,85.9,100.0,18.946,29-Sep-2026,10-Dec-2021,4.8,65.4,14,29,48.3
143828,Sundaram Multi Cap Fund Series I Direct Plan - Growth,Multi Cap,12.32,20.53,12.28,5.96,12.33,3.03,11.02,13.98,17.8,20.18,,1.06,1.34,14.85,-36.8,0.56,-1.45,75.1,94.8,-0.35,0.908,0.893,0.1733,-0.48,86.6,100.0,17.872,28-Jun-2023,04-Jul-2018,5.0,64.6,15,29,51.7
149669,Sundaram Multi Cap Fund (Formerly Known as Principal Multi Cap Growth Fund)-Direct Plan - Growth Option,Multi Cap,0.86,11.69,10.15,4.95,10.74,0.28,5.12,10.65,16.09,17.17,,0.47,0.59,14.37,-19.45,0.6,-1.53,97.4,95.7,5.96,0.973,0.81,0.0695,0.89,89.7,100.0,424.9955,29-Sep-2026,03-Jan-2022,4.7,64.3,16,29,55.2
120823,quant Multi Cap Fund-GROWTH OPTION-Direct Plan,Multi Cap,7.72,9.64,11.31,17.58,18.01,10.93,4.57,9.78,23.12,20.8,21.1,0.3,0.37,17.1,-36.26,0.27,-1.85,106.7,99.1,3.97,1.033,0.644,0.0494,0.4,81.6,99.5,717.3576,29-Sep-2026,07-Jan-2013,13.7,64.0,17,29,58.6
152651,Motilal Oswal Multi Cap Fund-Direct Plan Growth,Multi Cap,12.22,13.62,7.96,3.9,18.36,23.45,14.19,14.19,7.78,,,0.79,1.11,18.33,-24.13,0.56,-1.92,137.4,96.2,20.87,1.041,0.543,0.1387,1.53,79.1,,15.0321,29-Sep-2026,21-Jun-2024,2.3,63.6,18,29,62.1
152094,Edelweiss Multi Cap Fund - Direct Plan - Growth,Multi Cap,4.89,15.86,9.24,4.52,16.36,1.22,6.82,6.82,9.84,,,0.77,0.95,15.31,-20.19,0.79,-1.61,110.2,96.8,9.29,1.025,0.796,0.1147,1.31,88.0,,15.7799,29-Sep-2026,30-Oct-2023,2.9,63.3,19,29,65.5
151824,Canara Robeco Multi Cap Fund - Direct Plan - Growth Option,Multi Cap,1.01,13.08,8.37,4.1,13.57,-0.68,5.72,6.59,13.13,,,0.58,0.72,14.22,-18.32,0.71,-1.55,93.2,93.6,7.48,0.947,0.784,0.0865,1.03,96.5,,14.95,29-Sep-2026,02-Aug-2023,3.2,59.8,20,29,69.0
119451,Principal Multi Cap Growth Fund - Direct Plan -Half Yearly Income Distribution CUM Capital Withdrawal Option,Multi Cap,36.95,16.63,11.67,9.99,11.17,30.61,26.62,16.22,13.93,6.72,6.32,0.62,0.64,21.2,-40.63,0.41,-1.75,75.7,96.1,0.7,0.925,0.888,0.143,-0.1,68.2,84.7,68.8862,31-Dec-2021,02-Jan-2013,9.0,57.0,21,29,72.4
153644,TRUSTMF MULTI CAP FUND -DIRECT PLAN-GROWTH,Multi Cap,17.7,5.51,3.27,1.62,14.73,18.45,17.36,17.36,,,,0.68,0.87,14.3,-12.73,0.43,-1.63,109.1,88.7,22.71,0.944,0.706,0.1033,2.67,100.0,,11.77,29-Sep-2026,28-Jul-2025,1.2,54.1,22,29,75.9
153309,BAJAJ FINSERV MULTI CAP FUND - DIRECT - GROWTH,Multi Cap,10.97,6.71,3.98,1.97,13.18,9.5,9.34,9.34,,,,0.59,0.77,14.11,-14.18,0.47,-1.47,93.9,91.7,11.13,0.936,0.773,0.0885,1.52,100.0,,12.177,29-Sep-2026,03-Mar-2025,1.6,51.0,23,29,79.3
131164,UTI Multi Cap Fund - Growth Option - Direct,Multi Cap,14.54,9.95,7.39,3.63,10.16,9.03,13.31,11.67,10.14,,,0.35,0.42,13.64,-18.58,0.54,-1.53,94.2,98.0,1.02,0.979,0.909,0.0481,0.2,78.7,100.0,14.2467,02-May-2018,25-Aug-2014,3.7,50.4,24,29,82.8
152739,Franklin India Multi Cap Fund - Direct - Growth,Multi Cap,7.05,3.52,2.1,1.04,4.9,8.02,7.07,7.07,7.0,,,-0.02,-0.02,15.12,-18.68,0.19,-1.64,104.8,96.0,9.07,0.994,0.746,-0.0025,1.14,95.1,,11.0927,29-Sep-2026,29-Jul-2024,2.2,46.6,25,29,86.2
152815,PGIM India Multi Cap Fund - Direct Plan - Growth Option,Multi Cap,7.44,1.94,1.16,0.58,2.87,9.22,8.14,8.14,7.79,,,-0.17,-0.24,14.45,-18.1,0.11,-1.68,97.2,94.7,8.06,0.96,0.76,-0.0256,1.12,96.4,,10.69,29-Sep-2026,13-Sep-2024,2.0,44.0,26,29,89.7
152310,DSP Multi Cap Fund - Direct - Growth,Multi Cap,0.56,7.17,4.25,2.1,8.12,1.18,3.56,3.56,3.71,,,0.21,0.27,14.72,-21.27,0.34,-1.58,83.7,91.6,6.18,0.905,0.681,0.0337,0.67,72.4,,12.334,29-Sep-2026,31-Jan-2024,2.7,43.5,27,29,93.1
153515,UTI Multi Cap Fund - Direct Plan - Growth Option,Multi Cap,3.21,1.91,1.14,0.57,4.25,2.32,2.71,2.71,,,,-0.11,-0.15,11.96,-14.06,0.14,-1.27,81.8,88.4,9.44,0.887,0.836,-0.0155,1.89,100.0,,10.5484,29-Sep-2026,20-May-2025,1.4,39.4,28,29,96.6
152847,Samco Multi Cap Fund - Direct Plan - Growth,Multi Cap,-0.54,-3.01,-1.81,-0.91,-4.72,5.67,0.53,0.53,-6.27,,,-0.95,-1.28,11.27,-20.06,-0.15,-1.29,40.0,78.4,-2.88,0.584,0.469,-0.1841,-0.19,0.0,,9.18,29-Sep-2026,06-Nov-2024,1.9,18.2,29,29,100.0
120385,Invesco India Financial Services Fund - Direct Plan - Growth,Sectoral - Banking,4.45,15.61,13.06,14.8,15.07,-3.63,7.7,13.67,19.56,17.44,16.51,0.68,0.89,16.59,-42.4,0.37,-1.69,118.1,98.4,9.33,1.085,0.756,0.1039,1.15,83.9,98.0,167.29,29-Sep-2026,02-Jan-2013,13.7,73.6,1,97,1.0
133859,SBI BANKING & FINANCIAL SERVICES FUND - DIRECT PLAN - GROWTH,Sectoral - Banking,-1.4,14.27,11.6,14.42,14.01,-8.34,6.24,11.72,18.46,16.88,15.88,0.61,0.77,15.67,-43.81,0.33,-1.44,110.0,97.3,8.15,1.049,0.782,0.0926,1.11,88.8,99.6,46.6873,29-Sep-2026,05-Mar-2015,11.6,70.3,2,97,2.1
148623,Mirae Asset Banking and Financial Services Fund Direct Growth,Sectoral - Banking,2.15,11.33,11.62,8.27,14.7,-5.52,6.23,11.27,15.51,17.48,,0.42,0.55,15.79,-21.04,0.54,-1.51,110.8,99.3,5.17,1.063,0.801,0.0623,0.77,96.4,100.0,22.197,29-Sep-2026,14-Dec-2020,5.8,66.7,3,97,3.1
152206,DSP Banking & Financial Services Fund - Direct - Growth,Sectoral - Banking,7.07,13.03,7.63,3.74,14.02,0.35,10.61,10.61,17.95,,,0.57,0.75,16.93,-14.69,0.89,-1.59,119.9,98.3,10.51,1.075,0.731,0.0894,1.17,100.0,,14.516,29-Sep-2026,11-Dec-2023,2.8,66.2,4,97,4.1
119333,Baroda BNP Paribas Banking and Financial Services Fund - Direct - Growth Option,Sectoral - Banking,2.47,13.04,11.03,11.46,11.41,-2.7,6.69,11.25,15.61,13.36,12.68,0.52,0.66,16.58,-42.79,0.3,-1.56,118.2,99.8,6.71,1.1,0.777,0.0779,0.91,80.9,94.8,53.8042,29-Sep-2026,02-Jan-2013,13.7,66.1,5,97,5.2
119597,Sundaram Financial Services Opportunities Fund Direct Plan - Growth,Sectoral - Banking,4.65,11.17,12.86,13.65,13.2,-3.07,5.19,11.88,17.94,15.95,15.29,0.4,0.51,16.84,-43.22,0.26,-1.62,114.7,100.1,4.83,1.114,0.774,0.0598,0.68,82.7,95.2,118.2353,29-Sep-2026,02-Jan-2013,13.7,65.8,6,97,6.2
148986,HDFC Banking & Financial Services Fund - Growth Option - Direct Plan,Sectoral - Banking,3.17,11.1,11.17,6.25,12.25,-4.27,5.73,10.82,15.67,16.99,,0.4,0.52,15.98,-21.72,0.51,-1.55,111.7,99.6,4.87,1.078,0.803,0.0595,0.74,96.8,100.0,18.174,29-Sep-2026,01-Jul-2021,5.2,65.4,7,97,7.2
153027,Motilal Oswal Nifty MidSmall Financial Services Index Fund - Direct Plan- Growth,Sectoral - Banking,16.15,10.29,6.05,2.98,17.29,3.92,14.11,14.11,28.56,,,0.65,0.96,21.48,-19.87,0.52,-2.22,190.6,103.1,23.53,1.259,0.59,0.1116,1.46,100.0,,13.684,29-Sep-2026,25-Nov-2024,1.8,65.1,8,97,8.2
151911,Kotak Nifty Financial Services Ex-Bank Index Fund - Direct Plan - Growth option,Sectoral - Banking,0.63,12.73,9.05,4.43,14.96,-7.19,7.12,7.95,17.23,,,0.45,0.6,20.29,-17.06,0.75,-2.07,161.1,106.7,5.96,1.262,0.683,0.0716,0.64,99.1,,15.422,29-Sep-2026,21-Aug-2023,3.1,64.5,9,97,9.3
143353,IDBI Banking & Financial Services Fund - Direct Plan (Growth),Sectoral - Banking,18.73,21.91,9.92,4.98,9.92,19.88,15.7,13.48,12.19,12.27,,0.93,1.31,19.65,-43.31,0.51,-2.04,126.0,103.6,-1.74,1.158,0.815,0.157,0.17,70.0,100.0,16.29,28-Jul-2023,08-Jun-2018,5.1,64.2,10,97,10.3
149321,ITI Banking and Financial Services Fund - Direct Plan - Growth Option,Sectoral - Banking,4.22,10.15,9.94,4.85,10.36,-4.08,6.55,10.15,15.31,15.23,,0.34,0.43,16.35,-16.72,0.61,-1.63,115.3,100.8,3.82,1.105,0.807,0.0498,0.61,100.0,100.0,16.5655,29-Sep-2026,08-Dec-2021,4.8,63.6,11,97,11.3
123905,JPMorgan India Banking and PSU Debt Fund - Direct Plan - Growth Option,Sectoral - Banking,8.64,9.75,6.04,2.97,9.63,9.21,9.23,9.27,9.58,,,4.31,5.23,0.89,-0.41,23.78,-0.04,2.7,-9.2,10.18,0.013,0.045,2.9319,0.02,100.0,100.0,13.4315,24-Nov-2016,16-Sep-2013,3.2,63.5,12,97,12.4
151816,BANDHAN FINANCIAL SERVICES FUND - DIRECT PLAN - GROWTH,Sectoral - Banking,0.21,13.55,8.34,4.09,13.49,-4.26,5.43,6.77,14.74,,,0.56,0.74,15.64,-17.31,0.78,-1.72,111.9,98.2,7.47,1.044,0.778,0.0856,1.01,94.7,,14.951,29-Sep-2026,31-Jul-2023,3.2,62.9,13,97,13.4
135793,Tata Banking And Financial Services Fund-Direct Plan-Growth,Sectoral - Banking,0.61,10.05,11.26,13.91,15.94,-5.85,5.22,10.83,18.09,15.85,15.91,0.34,0.43,15.63,-41.58,0.24,-1.51,101.9,97.8,4.14,1.03,0.767,0.0511,0.56,86.6,97.8,49.2963,29-Sep-2026,29-Dec-2015,10.8,62.3,14,97,14.4
120733,UTI Banking and Financial Services Fund - Direct Plan - Growth Option,Sectoral - Banking,1.81,11.64,10.66,10.33,11.25,-3.71,5.97,10.62,16.11,13.3,12.17,0.44,0.57,16.1,-49.0,0.24,-1.53,111.3,99.2,5.39,1.083,0.799,0.0647,0.8,79.4,92.5,216.077,29-Sep-2026,02-Jan-2013,13.7,62.2,15,97,15.5
118588,Nippon India Banking & Financial Services Fund - Direct Plan Growth Plan - Bonus Option,Sectoral - Banking,-0.61,10.12,12.13,12.4,13.12,-7.15,4.2,10.47,18.92,15.68,14.66,0.34,0.45,15.42,-50.56,0.2,-1.49,103.0,98.1,4.1,1.041,0.805,0.0509,0.63,80.6,92.5,669.3695,29-Sep-2026,02-Jan-2013,13.7,61.3,16,97,16.5
118589,Nippon India Banking & Financial Services Fund - Direct Plan Growth Plan - Growth Option,Sectoral - Banking,-0.61,10.12,12.13,12.4,13.12,-7.15,4.2,10.47,18.92,15.68,14.66,0.34,0.45,15.42,-50.56,0.2,-1.49,103.0,98.1,4.1,1.041,0.805,0.0509,0.63,80.6,92.5,669.3695,29-Sep-2026,02-Jan-2013,13.7,61.3,16,97,16.5
151384,Kotak Banking & Financial Services Fund - Direct Plan - Growth,Sectoral - Banking,2.52,11.04,9.89,4.83,14.13,-4.22,5.95,8.06,15.65,,,0.39,0.5,16.73,-16.7,0.66,-1.57,118.4,101.0,4.62,1.123,0.796,0.0578,0.69,100.0,100.0,16.112,29-Sep-2026,06-Mar-2023,3.6,61.1,18,97,18.6
151889,Bajaj Finserv Money Market Fund-Direct Plan-Growth,Sectoral - Banking,6.52,7.33,4.68,2.31,7.45,6.61,7.12,7.16,7.51,,,2.91,4.08,0.42,-0.12,61.08,-0.0,2.4,-9.4,7.7,0.004,0.014,3.0597,0.06,100.0,100.0,1258.0167,29-Sep-2026,26-Jul-2023,3.2,60.3,19,97,19.6
152992,Nippon India CRISIL - IBX AAA Financial Services - Dec 2026 Index Fund - Direct Plan - Growth Option,Sectoral - Banking,6.73,4.75,2.82,1.4,7.53,6.9,7.17,7.17,7.32,,,2.65,5.76,0.53,-0.11,43.18,-0.02,2.5,-9.0,7.93,0.006,0.019,2.3648,0.74,100.0,,11.512,29-Sep-2026,29-Oct-2024,1.9,59.3,20,97,20.6
148656,TRUSTMF BANKING & PSU FUND - DIRECT GROWTH,Sectoral - Banking,7.26,7.5,6.15,3.03,6.12,5.81,7.33,6.77,6.21,6.38,,1.97,2.84,0.72,-1.96,3.83,-0.04,3.1,-8.7,7.76,0.011,0.03,1.2858,-0.49,100.0,100.0,1341.765,10-Feb-2026,02-Feb-2021,5.0,59.1,21,97,21.6
126940,UTI Banking & PSU Fund - Direct Plan - Growth Option,Sectoral - Banking,6.04,7.42,7.74,6.48,7.18,6.23,7.09,7.44,7.13,6.84,6.46,1.66,2.38,0.8,-6.74,1.1,-0.04,2.8,-7.6,7.72,0.015,0.056,0.8823,0.07,96.5,100.0,24.0675,29-Sep-2026,06-Feb-2014,12.6,58.9,22,97,22.7
129008,Franklin India Banking & PSU Debt Fund - Direct - Growth,Sectoral - Banking,6.06,7.42,6.43,7.22,7.75,5.84,7.04,7.03,7.67,7.51,7.48,1.32,1.66,1.0,-3.64,2.04,-0.07,2.9,-7.2,7.7,0.017,0.047,0.7765,0.07,100.0,100.0,25.3007,29-Sep-2026,25-Apr-2014,12.4,58.8,23,97,23.7
153179,Aditya Birla Sun Life Crisil-IBX financial Services 3 to 6 months Debt Index Fund-Direct Growth,Sectoral - Banking,6.92,4.24,2.52,1.25,7.25,7.02,7.04,7.04,6.97,,,2.9,6.46,0.39,-0.05,84.8,-0.0,2.4,-9.2,7.63,0.003,0.011,3.7468,0.69,100.0,,11.3295,29-Sep-2026,18-Dec-2024,1.8,58.5,24,97,24.7
148628,Baroda BNP Paribas Banking and PSU Bond Fund- Direct Plan -Growth Option,Sectoral - Banking,8.24,7.94,5.68,2.8,5.89,8.01,8.2,7.1,5.96,5.99,,1.83,2.33,1.0,-2.1,3.78,-0.06,3.4,-7.9,8.14,0.013,0.025,1.4111,-0.48,100.0,100.0,13.1906,16-Oct-2025,18-Dec-2020,4.8,57.9,25,97,25.8
121268,DWS Banking and PSU Debt fund- Direct Plan-Growth,Sectoral - Banking,8.14,9.23,5.44,2.68,9.31,7.52,9.3,9.3,10.05,,,1.69,1.21,1.98,-3.2,2.88,-0.07,2.5,-5.1,9.57,0.033,0.074,1.0113,0.12,100.0,,13.0504,02-Mar-2016,11-Mar-2013,3.0,57.8,26,97,26.8
125597,Aditya Birla Sun Life Banking and Financial Services Fund - Direct Plan - Growth,Sectoral - Banking,-0.06,8.11,9.54,11.44,16.16,-6.81,3.87,9.2,18.01,15.58,14.11,0.2,0.27,16.13,-47.45,0.17,-1.64,109.2,100.7,1.97,1.08,0.792,0.0306,0.34,82.3,93.3,67.03,29-Sep-2026,18-Dec-2013,12.8,57.3,27,97,27.8
120338,LIC MF Banking & PSU Fund-Direct Plan-Growth,Sectoral - Banking,5.16,7.23,6.27,6.97,7.33,5.11,6.6,6.76,7.39,7.27,7.21,1.03,1.46,1.09,-2.77,2.61,-0.08,3.1,-5.7,7.46,0.023,0.074,0.4873,0.06,100.0,100.0,40.0664,29-Sep-2026,03-Jan-2013,13.7,57.3,27,97,27.8
152869,Kotak CRISIL -IBX AAA Financial Services Index Sep-2027 Fund-DIRECT PLAN-GROWTH Option,Sectoral - Banking,6.07,5.01,2.98,1.48,7.56,6.14,6.84,6.84,7.4,,,1.76,2.85,0.81,-0.38,13.18,-0.05,2.8,-8.1,7.99,0.013,0.043,1.0991,0.98,100.0,,11.6201,29-Sep-2026,23-Sep-2024,2.0,57.3,27,97,27.8
123693,Kotak Banking and PSU Debt Direct - Growth,Sectoral - Banking,5.27,7.23,6.38,7.31,8.02,4.74,6.5,6.79,7.95,7.85,7.77,0.96,1.23,1.17,-2.84,2.55,-0.08,3.2,-5.5,7.45,0.024,0.072,0.4695,0.06,100.0,100.0,72.7192,29-Sep-2026,14-Aug-2013,13.1,57.2,30,97,30.9
120256,ICICI Prudential Banking and PSU Debt Fund - Direct Plan -  Growth,Sectoral - Banking,5.3,7.13,6.56,7.16,7.98,5.0,6.55,6.9,8.07,7.98,7.79,0.96,1.15,1.06,-2.88,2.48,-0.07,3.2,-5.3,7.35,0.025,0.091,0.4083,0.05,100.0,100.0,36.4764,29-Sep-2026,14-Mar-2013,13.5,57.1,31,97,32.0
152254,Groww Banking & Financial Services Fund - Direct Plan - Growth,Sectoral - Banking,11.24,9.58,5.64,2.78,10.95,9.16,10.02,10.02,10.81,,,0.39,0.5,16.14,-16.35,0.59,-1.49,105.0,95.7,9.18,1.031,0.74,0.0605,1.08,97.7,,13.1012,29-Sep-2026,07-Feb-2024,2.6,57.1,31,97,32.0
121279,Bandhan Banking and PSU Fund - Direct Growth,Sectoral - Banking,5.69,7.09,6.26,7.19,7.64,5.76,6.67,6.74,7.68,7.56,7.54,0.93,1.29,0.94,-3.29,2.16,-0.06,2.9,-6.0,7.24,0.02,0.075,0.442,0.04,100.0,100.0,27.1494,29-Sep-2026,08-Mar-2013,13.6,56.8,33,97,34.0
125503,SBI BANKING & PSU FUND - Direct Plan - Growth,Sectoral - Banking,5.06,7.09,6.12,7.09,7.68,5.03,6.5,6.66,7.67,7.5,7.44,0.85,1.17,1.03,-3.2,2.22,-0.07,3.1,-5.1,7.22,0.024,0.09,0.3707,0.04,100.0,100.0,3532.7761,29-Sep-2026,18-Nov-2013,12.9,56.3,34,97,35.1
152321,WhiteOak Capital Banking & Financial Services Fund - Direct Growth,Sectoral - Banking,1.58,8.59,5.07,2.5,9.81,-3.43,5.48,5.48,12.89,,,0.31,0.4,16.23,-16.19,0.53,-1.6,113.3,98.4,7.88,1.08,0.803,0.0469,1.08,100.0,,12.828,29-Sep-2026,07-Feb-2024,2.6,56.3,34,97,35.1
153030,Aditya Birla Sun Life Crisil-IBX AAA Financial Services Index-Sep 2027 Fund-Direct Growth,Sectoral - Banking,6.18,4.59,2.73,1.36,7.45,6.24,6.81,6.81,7.24,,,1.73,2.94,0.78,-0.33,13.91,-0.05,2.6,-8.4,7.85,0.012,0.036,1.1258,0.57,100.0,,11.4448,29-Sep-2026,14-Nov-2024,1.9,56.1,36,97,37.1
119550,Aditya Birla Sun Life Banking & PSU Debt Fund- Direct Plan-Growth,Sectoral - Banking,4.6,6.92,6.19,7.05,8.15,4.28,6.13,6.51,8.28,8.11,7.93,0.72,0.88,1.09,-3.04,2.28,-0.09,3.0,-5.4,7.12,0.023,0.077,0.3407,0.03,100.0,100.0,403.6836,29-Sep-2026,02-Jan-2013,13.7,55.7,37,97,38.1
134547,Nippon India Banking and PSU  Fund- Direct Plan-Growth Plan- Growth Option,Sectoral - Banking,4.81,7.03,6.2,7.17,7.54,4.65,6.29,6.59,7.62,7.48,7.48,0.74,0.97,1.22,-3.2,2.2,-0.09,3.2,-5.0,7.22,0.027,0.083,0.3365,0.04,100.0,100.0,22.8898,29-Sep-2026,18-May-2015,11.4,55.7,37,97,38.1
134552,Nippon India Banking and PSU Fund- Direct Plan-Growth Plan- Bonus Option,Sectoral - Banking,4.81,7.02,6.2,7.17,7.54,4.64,6.29,6.59,7.62,7.48,7.48,0.74,0.97,1.22,-3.2,2.19,-0.09,3.2,-5.0,7.21,0.027,0.083,0.3358,0.04,100.0,100.0,22.889,29-Sep-2026,18-May-2015,11.4,55.7,37,97,38.1
153517,HDFC CRISIL-IBX Financial Services 3-6 Months Debt Index Fund - Direct Growth Plan,Sectoral - Banking,7.09,3.24,1.93,0.96,7.07,7.14,7.12,7.12,,,,2.32,5.36,0.39,-0.06,54.0,-0.0,2.7,-8.7,7.43,0.004,0.015,2.2773,0.9,100.0,,11.006,29-Sep-2026,06-May-2025,1.4,55.7,37,97,38.1
153313,Kotak CRISIL - IBX AAA Bond Financial Services Index Dec 2026 Fund - Direct - Growth,Sectoral - Banking,6.66,3.92,2.33,1.16,7.46,6.84,6.92,6.92,,,,2.41,5.05,0.58,-0.16,24.5,-0.02,2.7,-8.6,7.87,0.007,0.025,1.9854,0.45,100.0,,11.2357,29-Sep-2026,20-Feb-2025,1.6,55.7,37,97,38.1
128629,HDFC Banking and PSU Debt Fund - Growth Option - Direct Plan,Sectoral - Banking,4.71,6.97,6.19,7.1,7.75,4.32,6.23,6.56,7.85,7.67,7.62,0.73,0.9,1.14,-3.13,2.23,-0.08,3.1,-5.1,7.17,0.025,0.079,0.3354,0.05,100.0,100.0,25.4408,29-Sep-2026,26-Mar-2014,12.5,55.6,42,97,43.3
119625,Sundaram Banking & PSU Fund (Formerly Known as Sundaram Banking and PSU Debt Fund) Direct Plan - Growth,Sectoral - Banking,4.82,6.98,5.98,6.44,7.07,4.65,6.3,6.49,7.11,6.91,6.73,0.83,1.15,1.02,-1.78,3.92,-0.08,3.0,-5.6,7.2,0.022,0.08,0.3883,0.04,100.0,100.0,46.4623,29-Sep-2026,09-Jan-2013,13.7,55.6,42,97,43.3
148534,ITI Banking & PSU Debt Fund - Direct Plan - Growth Option,Sectoral - Banking,4.85,6.95,6.31,3.58,6.12,4.64,6.23,6.56,6.42,6.75,,1.0,1.48,0.84,-1.06,6.56,-0.05,2.8,-6.5,7.23,0.015,0.056,0.5588,0.04,100.0,100.0,14.2266,29-Sep-2026,23-Oct-2020,5.9,55.6,42,97,43.3
153411,ICICI Prudential CRISIL-IBX Financial Services 3-6 Months Debt Index Fund - Direct Plan - Growth,Sectoral - Banking,6.91,3.57,2.13,1.06,7.14,6.98,6.96,6.96,,,,2.69,5.91,0.39,-0.05,71.4,-0.0,2.4,-8.9,7.54,0.004,0.017,2.6159,0.49,100.0,,11.1147,29-Sep-2026,20-Mar-2025,1.5,55.6,42,97,43.3
134363,Sundaram Banking & PSU Fund (Formerly Known as Sundaram Banking & PSU Debt Fund) - Direct Growth,Sectoral - Banking,9.29,5.36,3.18,1.58,8.31,7.87,8.22,8.22,8.9,,,1.69,2.03,1.31,-0.52,10.31,-0.08,2.5,-6.8,8.62,0.018,0.041,1.2288,0.24,100.0,,11.7075,16-Mar-2017,30-Mar-2015,2.0,55.4,46,97,47.4
140286,Edelweiss Banking and PSU Debt Fund - Direct Plan - Growth Option,Sectoral - Banking,4.78,7.01,5.98,7.28,7.4,4.8,6.3,6.55,7.64,7.81,7.41,0.68,0.88,1.29,-4.29,1.63,-0.09,3.1,-5.1,7.21,0.024,0.059,0.3674,0.04,100.0,100.0,27.1074,29-Sep-2026,28-Nov-2016,9.8,55.4,46,97,47.4
120244,ICICI Prudential Banking and Financial Services Fund - Direct Plan -  Growth,Sectoral - Banking,-3.89,8.96,8.86,11.47,14.05,-7.94,2.94,8.1,19.25,16.2,15.17,0.28,0.38,13.66,-47.76,0.19,-1.25,84.1,93.5,3.55,0.919,0.8,0.0412,0.47,78.8,93.8,142.42,29-Sep-2026,02-Jan-2013,13.7,55.3,48,97,49.5
120438,Axis Banking & PSU Debt Fund - Direct Plan - Growth Option,Sectoral - Banking,4.87,6.88,6.13,7.13,7.63,4.56,6.27,6.48,7.74,7.63,7.58,0.7,0.88,0.95,-2.85,2.41,-0.07,2.8,-5.9,7.04,0.02,0.07,0.3371,0.03,100.0,100.0,2892.8379,29-Sep-2026,02-Jan-2013,13.7,55.3,48,97,49.5
120444,Invesco India Banking and PSU Fund - Direct Plan -  Growth Option,Sectoral - Banking,4.85,7.08,5.6,6.6,7.11,4.69,6.29,6.43,7.16,7.0,6.9,0.78,1.06,1.23,-4.89,1.45,-0.1,3.2,-4.8,7.26,0.028,0.087,0.3433,0.05,99.7,100.0,2578.4551,29-Sep-2026,02-Jan-2013,13.7,55.1,50,97,51.5
153407,Bandhan CRISIL-IBX Financial Services 3-6 Months Debt Index Fund - Direct Plan - Growth,Sectoral - Banking,6.92,3.6,2.15,1.07,7.16,7.07,7.0,7.0,,,,2.33,4.88,0.4,-0.06,60.0,-0.0,2.4,-8.7,7.41,0.004,0.018,2.3203,0.31,100.0,,11.1328,29-Sep-2026,17-Mar-2025,1.5,54.8,51,97,52.6
153372,Kotak CRISIL-IBX Financial Services 3-6 Months Debt Index Fund-Direct-Growth,Sectoral - Banking,6.72,3.57,2.12,1.06,7.01,6.77,6.78,6.78,,,,2.21,5.18,0.41,-0.06,59.5,-0.01,2.4,-8.6,7.39,0.004,0.018,2.2558,0.31,100.0,,11.1189,29-Sep-2026,11-Mar-2025,1.6,54.4,52,97,53.6
153051,Axis CRISIL-IBX AAA Bond Financial Services - Sep 2027 Index Fund - Direct Plan - Growth Option,Sectoral - Banking,6.14,4.38,2.6,1.29,7.44,6.32,6.77,6.77,7.05,,,1.39,2.41,0.84,-0.36,12.17,-0.06,2.7,-7.7,7.66,0.014,0.046,0.835,0.56,100.0,,11.381,11-Sep-2026,26-Nov-2024,1.8,54.1,53,97,54.6
153115,Edelweiss CRISIL IBX AAA Financial Services - Jan 2028 Index Fund - Direct - Growth,Sectoral - Banking,5.88,4.45,2.65,1.32,7.4,5.86,6.59,6.59,7.14,,,1.37,2.12,0.93,-0.48,9.27,-0.07,2.8,-7.9,7.8,0.015,0.039,0.8523,0.69,100.0,,11.401,29-Sep-2026,29-Nov-2024,1.8,54.0,54,97,55.7
124175,DSP Banking & PSU Debt Fund - Direct Plan - Growth,Sectoral - Banking,4.08,6.79,5.96,6.83,7.68,3.83,5.81,6.25,7.72,7.56,7.43,0.44,0.56,1.42,-3.05,2.23,-0.12,3.3,-3.5,6.9,0.032,0.086,0.1942,0.04,100.0,100.0,26.2613,29-Sep-2026,16-Sep-2013,13.0,53.9,55,97,56.7
152996,Nippon India CRISIL - IBX AAA Financial Services - Jan 2028 Index Fund - Direct Plan - Growth Option,Sectoral - Banking,5.81,4.62,2.75,1.36,7.33,5.83,6.59,6.59,7.21,,,1.32,2.0,0.92,-0.48,9.62,-0.07,2.8,-7.4,7.74,0.016,0.047,0.756,0.73,100.0,,11.4698,29-Sep-2026,29-Oct-2024,1.9,53.9,55,97,56.7
153266,HSBC Financial Services Fund - Direct Growth,Sectoral - Banking,6.2,6.46,3.83,1.9,12.69,-0.78,3.74,3.74,,,,0.48,0.71,17.2,-14.78,0.44,-1.72,130.9,100.5,10.28,1.132,0.762,0.0736,1.2,100.0,,12.0816,29-Sep-2026,04-Mar-2025,1.6,53.1,57,97,58.8
120533,Aditya Birla Sun Life Banking & PSU Debt Fund - Growth - Direct Plan,Sectoral - Banking,3.44,8.1,7.48,4.6,8.66,3.77,6.64,8.31,9.47,10.2,,0.53,0.63,3.84,-11.32,0.72,-0.29,3.2,-6.8,8.29,0.022,0.005,0.9222,-0.16,97.4,100.0,52.6749,01-Jun-2018,02-Jan-2013,5.4,53.0,58,97,59.8
148419,Mirae Asset Banking and PSU Fund - Direct Plan - Growth,Sectoral - Banking,4.51,6.79,5.91,3.44,5.64,4.36,6.04,6.33,5.95,6.27,,0.57,0.75,1.15,-1.19,5.71,-0.09,3.0,-5.0,6.99,0.024,0.071,0.2727,0.02,100.0,100.0,14.0265,29-Sep-2026,27-Jul-2020,6.2,52.7,59,97,60.8
152162,Bajaj Finserv Banking and PSU Debt Fund-Direct Plan- Growth,Sectoral - Banking,4.78,6.89,4.08,2.02,7.21,4.68,6.32,6.32,7.58,,,0.89,1.24,1.22,-0.76,9.07,-0.1,3.1,-5.8,7.41,0.024,0.066,0.4511,0.06,100.0,,12.2348,29-Sep-2026,15-Nov-2023,2.9,52.2,60,97,61.9
118868,Taurus Banking & Financial Services Fund - Direct Plan - Growth,Sectoral - Banking,-4.45,6.73,8.26,11.76,10.8,-8.99,1.02,6.71,15.31,13.61,13.59,0.11,0.15,15.74,-41.62,0.16,-1.47,100.1,99.4,0.77,1.05,0.787,0.0171,0.15,81.2,98.6,56.73,29-Sep-2026,03-Jan-2013,13.7,52.0,61,97,62.9
151107,HSBC Banking and PSU Debt Fund - Direct Growth,Sectoral - Banking,4.79,6.86,5.19,2.56,6.82,4.57,6.26,6.5,7.29,,,0.71,0.86,1.02,-0.65,10.55,-0.07,2.8,-6.1,7.07,0.02,0.066,0.358,0.03,100.0,100.0,27.1932,29-Sep-2026,28-Nov-2022,3.8,51.6,62,97,63.9
152077,Bajaj Finserv Arbitrage Fund-Direct Plan-Growth,Sectoral - Banking,6.34,6.88,4.13,2.05,6.91,5.85,6.54,6.56,7.0,,,0.58,0.9,1.06,-0.41,16.78,-0.07,1.4,-12.3,7.19,-0.01,0.015,-0.6174,0.0,100.0,,12.255,29-Sep-2026,18-Sep-2023,3.0,50.7,63,97,64.9
153443,Aditya Birla Sun Life Crisil-IBX Financial Services 9-12 Months Debt Index Fund-Direct Growth,Sectoral - Banking,6.25,3.46,2.06,1.03,6.96,6.34,6.45,6.45,,,,1.38,2.08,0.61,-0.25,13.84,-0.03,2.6,-8.0,7.35,0.011,0.049,0.7674,0.59,100.0,,11.0838,29-Sep-2026,24-Mar-2025,1.5,50.7,63,97,64.9
153157,BAJAJ FINSERV HEALTHCARE FUND - DIRECT - GROWTH,Sectoral - Banking,25.05,5.98,3.55,1.76,10.49,32.06,21.83,21.83,11.99,,,0.39,0.55,13.46,-15.68,0.38,-1.48,58.2,75.7,12.27,0.636,0.388,0.0835,1.02,87.2,,12.0,29-Sep-2026,30-Dec-2024,1.7,50.2,65,97,67.0
150505,Canara Robeco Banking and PSU Debt Fund- Direct Plan- Growth Option,Sectoral - Banking,4.45,6.51,5.17,2.55,6.34,4.19,5.79,6.14,6.92,,,0.37,0.45,0.97,-0.74,8.8,-0.07,2.7,-5.5,6.71,0.021,0.077,0.1708,0.0,100.0,100.0,12.8812,29-Sep-2026,24-Aug-2022,4.1,49.6,66,97,68.0
152639,Bajaj Finserv Multi Asset Allocation Fund - Direct Growth,Sectoral - Banking,7.43,7.01,4.15,2.05,9.18,0.25,6.97,6.97,13.27,,,0.34,0.42,10.37,-13.21,0.53,-1.13,52.8,74.5,9.03,0.655,0.666,0.0541,1.09,100.0,,12.2998,29-Sep-2026,06-Jun-2024,2.3,49.4,67,97,69.1
134017,LIC MF Banking and Financial Services Fund-Direct Plan-Growth,Sectoral - Banking,-1.43,5.84,8.86,8.09,7.44,-9.91,1.69,7.04,11.6,10.04,10.0,0.06,0.08,16.24,-44.76,0.13,-1.6,106.3,101.3,-0.22,1.08,0.781,0.0088,0.04,74.8,89.6,22.8605,29-Sep-2026,30-Mar-2015,11.5,48.0,68,97,70.1
119795,L&T Banking and PSU Debt Fund - Direct Plan - Growth,Sectoral - Banking,1.69,5.25,6.44,7.48,7.56,2.49,3.65,5.51,7.79,8.18,8.03,-0.36,-0.42,2.8,-3.73,1.41,-0.15,1.2,-0.4,5.11,0.022,0.031,-0.4574,-0.5,100.0,100.0,21.0887,25-Nov-2022,02-Jan-2013,9.9,47.9,69,97,71.1
152679,Helios Financial Services Fund - Direct Plan - Growth Option,Sectoral - Banking,-1.39,3.66,2.18,1.08,4.88,-4.98,1.65,1.65,8.67,,,0.01,0.01,17.33,-17.68,0.21,-1.77,138.3,103.4,7.05,1.157,0.752,0.0008,0.76,92.4,,11.36,29-Sep-2026,25-Jun-2024,2.3,47.9,69,97,71.1
154271,Nippon India CRISIL-IBX Financial Services 3-6 Months Debt Index Fund- Direct Plan- Growth Option,Sectoral - Banking,4.14,1.36,0.81,0.41,7.69,,,,,,,3.32,8.21,0.47,-0.05,27.2,-0.01,2.1,-8.8,8.04,0.004,0.017,3.8795,0.35,,,10.4134,29-Sep-2026,13-Mar-2026,0.5,46.9,71,97,73.2
147217,Indiabulls Banking & PSU Debt Fund-Direct Plan- Growth,Sectoral - Banking,4.94,4.09,2.44,1.21,6.89,4.68,5.47,5.47,6.1,,,0.51,0.64,1.19,-1.04,3.93,-0.07,0.8,-6.5,7.04,0.004,0.006,1.5309,-0.52,100.0,,1129.7294,04-Mar-2021,14-May-2019,1.8,46.1,72,97,74.2
153236,ICICI Prudential CRISIL-IBX AAA Bond Financial Services Index -Dec 2026 Fund- Direct Plan - Growth,Sectoral - Banking,6.64,2.17,1.29,0.65,8.44,,,,,,,3.77,6.35,0.68,-0.15,14.47,-0.01,3.2,-10.5,8.91,0.009,0.023,2.8398,-0.55,,,10.6682,14-Nov-2025,28-Jan-2025,0.8,45.8,73,97,75.3
152577,Tata Nifty Financial Services Index Fund - Direct Plan - Growth,Sectoral - Banking,-4.98,4.42,2.63,1.31,5.52,-10.99,-0.71,-0.71,9.41,,,0.04,0.06,16.91,-17.38,0.25,-1.59,123.3,102.0,4.79,1.11,0.813,0.0064,0.66,78.4,,11.6054,29-Sep-2026,30-Apr-2024,2.4,45.4,74,97,76.3
154308,HDFC CRISIL-IBX Financial Services 9-12 Months Debt Index Fund - Direct Growth Plan,Sectoral - Banking,3.84,1.26,0.76,0.38,7.55,,,,,,,1.77,3.31,0.75,-0.23,5.48,-0.04,2.4,-8.3,7.85,0.013,0.059,1.0192,0.69,,,10.3855,29-Sep-2026,24-Mar-2026,0.5,45.4,74,97,76.3
151833,Bajaj Finserv Liquid Fund - Direct Plan - Growth,Sectoral - Banking,6.5,6.95,4.45,2.2,6.95,6.54,6.73,6.76,7.0,7.01,,-14.6,,0.12,-0.01,695.0,0.01,1.4,-6.1,4.82,0.001,0.007,-16.7113,-0.15,100.0,100.0,1243.202,29-Sep-2026,05-Jul-2023,3.2,44.7,76,97,78.4
138564,PGIM India Banking and PSU Debt fund- Direct Plan-Growth,Sectoral - Banking,6.8,5.07,7.42,5.51,7.36,6.67,5.2,6.09,7.09,7.68,,-1.38,-1.47,0.88,-3.11,1.63,-0.06,1.4,-3.8,5.15,0.006,0.011,-2.0266,-1.04,100.0,100.0,22.3443,29-Sep-2023,08-Mar-2016,7.6,44.5,77,97,79.4
153879,Axis CRISIL-IBX Financial Services 3-6 Months Debt Index Fund - Direct Plan - Growth option,Sectoral - Banking,6.77,2.21,1.32,0.66,6.77,6.8,6.8,6.8,,,,1.12,2.25,0.39,-0.08,27.62,-0.01,2.4,-7.5,6.96,0.005,0.029,0.8768,0.76,,,10.6853,29-Sep-2026,29-Sep-2025,1.0,44.5,77,97,79.4
153634,Mirae Asset CRISIL-IBX Financial Services 9-12 Months Debt Index Fund - Direct Plan - Growth,Sectoral - Banking,6.17,2.56,1.53,0.76,6.21,6.25,6.22,6.22,,,,0.11,0.17,0.57,-0.21,12.19,-0.03,2.7,-6.9,6.63,0.011,0.057,0.0594,0.97,100.0,,10.7915,29-Sep-2026,26-Jun-2025,1.3,44.4,79,97,81.4
147636,Tata Banking & PSU Debt Fund-Direct Plan-Growth,Sectoral - Banking,6.98,5.51,6.15,3.03,6.59,7.49,6.4,6.15,6.02,5.51,,-0.85,-0.7,0.89,-4.02,1.37,-0.05,1.7,-5.0,5.59,0.01,0.026,-0.7517,-0.64,100.0,100.0,13.4926,14-Jun-2024,11-Oct-2019,4.7,43.9,80,97,82.5
153674,Mahindra Manulife Banking & Financial Services Fund - Direct - Growth,Sectoral - Banking,4.88,1.41,0.84,0.42,3.64,-2.35,-0.58,-0.58,,,,-0.08,-0.1,16.87,-15.72,0.09,-1.77,140.1,101.4,12.66,1.195,0.812,-0.0109,1.4,100.0,,10.3604,29-Sep-2026,28-Jul-2025,1.2,43.9,80,97,82.5
154331,SBI CRISIL - IBX Financial Services 3-6 Months Debt Index Fund - Direct Plan - Growth,Sectoral - Banking,2.93,0.97,0.58,0.29,,,,,,,,1.44,2.55,0.37,-0.05,19.4,-0.01,2.9,-8.6,7.07,0.005,0.025,1.0116,1.56,,,10.3005,29-Sep-2026,27-Apr-2026,0.4,43.5,82,97,84.5
153680,Kotak Nifty AAA Bond Financial Services Mar 2028 Index Fund - Direct Plan - Growth,Sectoral - Banking,5.57,2.23,1.33,0.66,5.63,5.51,5.57,5.57,,,,-0.59,-0.77,0.93,-0.53,4.21,-0.08,2.9,-3.9,6.05,0.024,0.102,-0.2288,0.81,100.0,,10.6933,29-Sep-2026,14-Jul-2025,1.2,40.3,83,97,85.6
154250,Canara Robeco Banking and Financials Services Fund - Direct Plan - Growth,Sectoral - Banking,5.46,1.79,1.07,0.53,10.76,,,,,,,0.37,0.57,15.71,-7.45,0.24,-1.5,112.8,98.3,8.2,0.971,0.722,0.0598,0.94,,,10.43,29-Sep-2026,23-Mar-2026,0.5,40.1,84,97,86.6
154252,Nippon India CRISIL-IBX Financial Services 9-12 Months Debt Index Fund -Direct Plan - Growth Option,Sectoral - Banking,3.78,1.24,0.74,0.37,6.69,,,,,,,0.61,1.03,0.75,-0.24,5.17,-0.05,2.0,-6.2,7.08,0.016,0.092,0.2842,0.97,,,10.3869,29-Sep-2026,04-Mar-2026,0.6,39.4,85,97,87.6
154142,Motilal Oswal Financial Services Fund- Direct Growth,Sectoral - Banking,1.71,0.57,0.34,0.17,2.84,,,,,,,-0.07,-0.11,20.22,-11.39,0.05,-2.1,168.3,99.5,29.51,1.173,0.787,-0.0127,2.35,,,10.1718,29-Sep-2026,20-Feb-2026,0.6,38.5,86,97,88.7
153875,Kotak CRISIL-IBX Financial Services 9 to 12 Months Debt Index Fund - Direct - Growth,Sectoral - Banking,6.27,2.05,1.22,0.61,6.27,6.39,6.39,6.39,,,,0.06,0.09,0.62,-0.23,8.91,-0.04,2.4,-6.2,6.58,0.013,0.075,0.0295,0.74,,,10.6388,29-Sep-2026,29-Sep-2025,1.0,38.3,87,97,89.7
120373,SAHARA BANKING & FINANCIAL SERVICES FUND- GROWTH - Direct,Sectoral - Banking,-39.25,-4.82,0.13,2.91,4.05,-50.0,-23.02,-7.76,18.41,15.88,,-0.45,-0.5,20.59,-45.22,-0.11,-1.58,110.1,102.9,-3.24,1.021,0.768,-0.0916,-0.33,83.1,99.1,46.5149,26-Mar-2020,01-Jan-2013,7.2,37.5,88,97,90.7
151849,Bajaj Finserv Overnight Fund - Direct Plan - Growth,Sectoral - Banking,5.32,6.07,3.92,1.94,6.12,5.2,5.74,5.78,6.2,6.15,,-40.06,,0.06,0.0,,0.01,1.2,-5.3,4.13,0.0,0.001,,-0.2,100.0,100.0,1212.1115,29-Sep-2026,05-Jul-2023,3.2,36.9,89,97,91.8
154334,SBI CRISIL - IBX Financial Services 9-12 Months Debt Index Fund - Direct Plan - Growth,Sectoral - Banking,2.76,0.91,0.55,0.27,,,,,,,,0.17,0.31,0.72,-0.25,3.64,-0.05,3.1,-6.9,6.77,0.016,0.061,0.0544,1.54,,,10.2776,29-Sep-2026,27-Apr-2026,0.4,36.9,89,97,91.8
154204,Bajaj Finserv Ultra Short to Short Term Fund - Direct - Growth,Sectoral - Banking,3.7,1.22,0.73,0.36,6.27,,,,,,,0.02,0.03,0.7,-0.2,6.1,-0.04,2.0,-5.5,6.76,0.015,0.1,0.0093,1.5,,,1038.0697,29-Sep-2026,23-Feb-2026,0.6,36.4,91,97,93.8
153937,Bajaj Finserv Banking and Financial Services Fund - Direct - Growth,Sectoral - Banking,-5.33,-1.81,-1.09,-0.55,-6.45,,,,,,,-0.69,-0.98,17.08,-15.58,-0.12,-1.92,130.9,100.4,11.99,1.116,0.861,-0.1049,1.46,,,9.446,29-Sep-2026,03-Dec-2025,0.8,34.7,92,97,94.8
153206,Bajaj Finserv Gilt Fund - Direct - Growth,Sectoral - Banking,3.97,2.44,1.46,0.73,4.35,4.82,3.82,3.82,2.45,,,-0.55,-0.85,3.36,-3.87,0.63,-0.29,4.8,7.8,4.57,0.068,0.064,-0.2733,0.3,81.1,,1075.6564,29-Sep-2026,16-Jan-2025,1.7,33.9,93,97,95.9
153758,BAJAJ FINSERV EQUITY SAVINGS FUND - DIRECT - GROWTH,Sectoral - Banking,4.85,1.61,0.96,0.48,4.43,3.95,3.98,3.98,,,,-0.81,-1.04,2.38,-1.27,1.27,-0.26,7.5,14.8,5.65,0.133,0.519,-0.1449,1.08,,,10.508,29-Sep-2026,21-Aug-2025,1.1,32.8,94,97,96.9
154108,Edelweiss Financial Services Fund - Direct Plan - Growth Option,Sectoral - Banking,-10.55,-3.65,-2.2,-1.11,-16.69,,,,,,,-1.11,-1.62,19.77,-15.82,-0.23,-2.25,145.3,103.7,6.6,1.198,0.859,-0.1824,0.32,,,8.9848,29-Sep-2026,18-Feb-2026,0.6,32.1,95,97,97.9
154093,Bank of India Banking & Financial Services Fund - Direct Plan - Growth,Sectoral - Banking,-8.39,-2.88,-1.74,-0.87,-12.54,,,,,,,-0.97,-1.4,18.26,-14.3,-0.2,-2.07,111.6,101.0,2.3,1.068,0.798,-0.1659,0.17,,,9.17,29-Sep-2026,02-Feb-2026,0.7,27.8,96,97,99.0
153075,BAJAJ FINSERV CONSUMPTION FUND - DIRECT - GROWTH,Sectoral - Banking,-5.52,-2.99,-1.8,-0.91,-4.87,-2.2,-1.96,-1.96,-3.25,,,-0.73,-1.03,14.36,-21.4,-0.14,-1.62,70.6,93.0,-1.86,0.886,0.655,-0.1188,-0.19,18.6,,9.214,29-Sep-2026,03-Dec-2024,1.8,20.4,97,97,100.0
150597,Mirae Asset Global X Artificial Intelligence & Technology ETF Fund of Fund - Direct Plan- Growth,Sectoral - IT,42.41,41.2,29.67,13.87,37.74,44.63,42.71,40.46,38.55,,,1.66,2.28,25.91,-27.24,1.51,-2.53,31.2,-3.1,47.99,0.174,0.008,2.4732,1.22,99.4,100.0,36.677,29-Sep-2026,08-Sep-2022,4.1,81.7,1,14,7.1
148063,Edelweiss US Technology Equity Fund of Fund- Direct Plan- Growth,Sectoral - IT,21.28,32.55,16.93,16.29,25.87,27.98,30.39,27.38,22.96,19.0,,1.24,1.66,27.87,-45.32,0.72,-2.88,86.0,69.8,37.38,0.562,0.074,0.6165,1.08,76.2,100.0,41.8901,29-Sep-2026,09-Mar-2020,6.6,80.0,2,14,14.3
148683,SBI Retirement Benefit Fund - Aggressive Plan - Direct Plan - Growth,Sectoral - IT,-0.07,7.87,10.57,7.52,13.8,-1.26,2.6,8.23,13.97,16.15,,0.19,0.25,13.11,-17.91,0.44,-1.28,85.4,94.7,2.38,0.926,0.87,0.028,0.38,88.4,100.0,20.9566,29-Sep-2026,17-Feb-2021,5.6,55.8,3,14,21.4
120578,SBI TECHNOLOGY OPPORTUNITIES FUND - DIRECT PLAN - GROWTH,Sectoral - IT,-8.34,7.77,6.23,16.72,17.86,-9.67,-0.85,5.42,20.24,18.36,19.65,0.18,0.26,15.45,-29.85,0.26,-1.59,75.3,90.9,3.54,0.797,0.465,0.0358,0.18,77.1,100.0,219.4698,29-Sep-2026,10-Jan-2013,13.7,54.2,4,14,28.6
118537,Franklin India Technology Fund - Direct - Growth,Sectoral - IT,-10.12,7.87,6.45,16.03,16.49,-11.58,-3.05,6.34,18.89,17.43,18.03,0.19,0.28,15.09,-30.75,0.26,-1.54,72.7,89.8,3.79,0.764,0.453,0.0376,0.18,75.6,100.0,498.7706,29-Sep-2026,01-Jan-2013,13.7,53.8,5,14,35.7
148688,SBI Retirement Benefit Fund - Conservative Plan - Direct Plan - Growth,Sectoral - IT,2.32,6.39,6.81,4.05,7.33,2.46,4.29,6.23,7.61,8.75,,0.06,0.08,3.67,-4.45,1.44,-0.35,13.2,30.4,5.15,0.226,0.629,0.0105,-0.01,98.8,100.0,14.9186,29-Sep-2026,17-Feb-2021,5.6,50.7,6,14,42.9
148690,SBI Retirement Benefit Fund - Conservative Hybrid Plan - Direct Plan - Growth,Sectoral - IT,1.6,6.6,7.53,4.85,8.8,1.19,3.63,6.51,8.94,10.42,,0.09,0.12,5.73,-6.87,0.96,-0.54,24.2,51.9,4.36,0.39,0.769,0.015,0.03,97.9,100.0,16.1425,29-Sep-2026,17-Feb-2021,5.6,50.0,7,14,50.0
120594,ICICI Prudential Technology Fund - Direct Plan -  Growth,Sectoral - IT,-10.3,4.55,2.4,16.93,18.03,-13.14,-4.88,1.84,22.45,19.32,20.85,-0.02,-0.02,17.07,-35.09,0.13,-1.65,85.8,96.6,0.1,0.867,0.455,-0.0031,-0.06,71.3,100.0,189.97,29-Sep-2026,02-Jan-2013,13.7,47.2,8,14,57.1
152437,Edelweiss Technology Fund - Direct Plan - Growth,Sectoral - IT,6.23,8.02,4.74,2.34,9.45,6.16,6.88,6.88,5.7,,,0.3,0.43,14.92,-26.24,0.31,-1.55,68.7,83.9,9.24,0.718,0.427,0.0631,0.69,87.8,,12.6516,29-Sep-2026,07-Mar-2024,2.6,46.1,9,14,64.3
119245,DSP BlackRock Technology.com Fund - Direct Plan - Growth,Sectoral - IT,-6.11,2.99,11.9,5.78,13.11,0.98,-1.19,5.54,13.63,,,-0.15,-0.21,15.06,-19.14,0.16,-1.48,46.9,83.8,-2.67,0.688,0.407,-0.0326,-0.47,70.1,100.0,51.48,28-Jul-2017,03-Jan-2013,4.6,37.7,10,14,71.4
154244,LIC MF Technology Fund-Direct Plan-Growth,Sectoral - IT,7.69,2.5,1.49,0.74,14.96,,,,,,,0.77,1.13,12.64,-6.79,0.37,-1.23,54.6,71.8,16.42,0.566,0.401,0.1719,1.33,,,10.7823,29-Sep-2026,19-Mar-2026,0.5,37.0,11,14,78.6
152059,HDFC Technology Fund - Growth Option - Direct Plan,Sectoral - IT,-13.47,4.72,2.54,1.26,4.18,-15.52,-6.11,-5.55,6.18,,,0.0,0.0,17.78,-30.6,0.15,-1.65,89.1,97.4,0.26,0.886,0.439,0.0005,-0.04,43.5,,11.342,29-Sep-2026,08-Sep-2023,3.1,33.0,12,14,85.7
152863,Invesco India Technology Fund - Direct Plan - Growth,Sectoral - IT,0.63,-1.42,-0.85,-0.43,-2.11,1.3,0.6,0.6,0.4,,,-0.38,-0.58,18.41,-28.11,-0.05,-1.76,114.4,100.2,5.01,1.018,0.531,-0.0688,0.38,45.3,,9.59,29-Sep-2026,25-Sep-2024,2.0,31.6,13,14,92.9
152462,Kotak Technology Fund - Direct Plan - Growth Option,Sectoral - IT,-8.21,0.79,0.47,0.24,0.93,-9.29,-6.08,-6.08,-3.34,,,-0.24,-0.36,16.98,-28.59,0.03,-1.66,81.3,94.9,0.55,0.856,0.468,-0.0477,0.02,25.6,,10.259,29-Sep-2026,07-Mar-2024,2.6,25.7,14,14,100.0
147946,BANDHAN SMALL CAP FUND - DIRECT PLAN GROWTH,Small Cap,12.58,23.38,19.51,18.94,30.11,17.3,15.38,22.42,34.55,31.02,,1.1,1.33,17.61,-24.34,0.96,-1.93,115.5,93.0,17.86,0.998,0.56,0.1974,1.4,84.6,100.0,56.664,29-Sep-2026,26-Feb-2020,6.6,86.7,1,72,1.4
145137,Invesco India Smallcap Fund - Direct Plan - Growth,Small Cap,16.28,21.79,19.53,18.01,23.3,20.17,15.58,20.73,27.95,28.99,29.13,1.0,1.26,18.03,-37.66,0.58,-1.99,111.9,93.0,16.28,1.008,0.552,0.1795,1.25,91.4,100.0,52.86,29-Sep-2026,02-Nov-2018,7.9,84.3,2,72,2.8
147919,ITI Small Cap Fund - Direct Plan - Growth Option,Small Cap,22.4,23.49,18.46,14.28,22.37,30.48,18.25,22.88,29.1,26.64,,1.05,1.23,19.36,-39.86,0.59,-2.21,126.4,95.5,17.68,1.082,0.553,0.1871,1.3,81.9,100.0,37.9673,29-Sep-2026,19-Feb-2020,6.6,83.8,3,72,4.2
145678,BANK OF INDIA Small Cap Fund Direct Plan Growth,Small Cap,29.79,21.19,20.08,20.8,27.59,43.07,20.7,22.32,31.6,30.65,30.94,0.93,1.13,19.03,-32.37,0.65,-2.07,103.8,90.8,16.02,0.992,0.48,0.1783,1.08,86.1,100.0,66.26,29-Sep-2026,27-Dec-2018,7.8,83.5,4,72,5.6
144988,Sundaram Emerging Small Cap VII Direct Plan - Growth,Small Cap,11.32,32.81,20.48,9.77,20.54,14.38,21.6,24.31,26.54,29.95,,2.02,2.27,14.09,-36.11,0.91,-1.51,47.7,68.8,17.41,0.668,0.499,0.4253,0.82,90.4,100.0,25.4074,29-Sep-2023,03-Oct-2018,5.0,81.1,5,72,6.9
119869,JPMorgan India Mid and Small Cap Fund - Direct Plan - Growth Option,Small Cap,3.82,31.69,17.39,8.35,22.86,2.49,17.07,22.4,38.25,,,1.73,2.08,16.26,-21.32,1.49,-1.57,95.5,87.8,22.21,0.897,0.652,0.3133,1.95,88.2,100.0,20.603,24-Nov-2016,02-Jan-2013,3.9,80.7,6,72,8.3
144728,Sundaram Emerging Small Cap Series VI Direct Plan - Growth,Small Cap,7.75,35.49,20.22,9.64,20.28,12.19,22.77,24.8,27.7,30.62,,2.07,2.33,15.12,-41.04,0.86,-1.57,52.8,71.7,19.04,0.712,0.508,0.4394,1.0,85.6,100.0,25.1352,07-Sep-2023,12-Sep-2018,5.0,80.7,6,72,8.3
143226,Sundaram Emerging Small Cap Series III Direct Plan - Growth,Small Cap,16.36,45.15,14.71,7.1,14.77,8.16,27.79,23.02,25.41,26.57,,2.59,3.02,16.05,-42.82,1.05,-1.61,54.1,72.7,24.01,0.706,0.508,0.5878,1.16,73.2,100.0,19.8973,10-May-2023,17-May-2018,5.0,79.2,8,72,11.1
120828,quant Small Cap Fund - Growth Option - Direct Plan,Small Cap,15.2,16.92,18.73,20.63,17.56,21.65,11.39,18.31,22.94,21.1,21.01,0.72,0.86,17.95,-51.6,0.33,-1.86,109.7,95.4,11.34,1.025,0.575,0.1263,0.93,81.0,89.5,314.3139,29-Sep-2026,07-Jan-2013,13.7,77.7,9,72,12.5
143506,Sundaram Emerging Small Cap Series IV Direct Plan - Growth,Small Cap,16.84,38.46,14.83,7.16,14.85,4.78,23.06,21.62,25.09,27.33,,2.19,2.54,15.72,-41.48,0.93,-1.61,53.3,73.6,19.56,0.717,0.507,0.481,0.95,76.7,100.0,20.0629,12-Jun-2023,14-Jun-2018,5.0,77.6,10,72,13.9
144437,Sundaram Emerging Small Cap Series V Direct Plan - Growth,Small Cap,6.66,35.78,16.39,7.88,16.42,6.62,21.98,22.96,26.16,29.14,,2.03,2.27,15.62,-41.76,0.86,-1.61,54.5,73.4,18.9,0.732,0.511,0.4338,1.01,76.7,100.0,21.3655,14-Aug-2023,17-Aug-2018,5.0,77.5,11,72,15.3
141475,IDBI Small Cap Fund - Growth Direct,Small Cap,22.9,39.07,16.45,8.57,14.49,25.43,27.35,25.03,17.8,19.06,,2.24,2.74,15.63,-46.02,0.85,-1.47,53.1,69.9,22.7,0.695,0.464,0.5041,1.15,64.7,84.6,22.81,28-Jul-2023,29-Jun-2017,6.1,77.3,12,72,16.7
147131,Principal Small Cap Fund - Direct Plan - Growth Option,Small Cap,77.31,37.62,21.12,10.05,43.86,70.0,62.4,62.4,59.4,,,2.04,2.0,20.32,-36.43,1.03,-1.63,61.1,83.1,27.14,0.755,0.711,0.5492,1.56,91.9,,25.9052,31-Dec-2021,14-May-2019,2.6,77.3,12,72,16.7
143010,Sundaram Emerging Small Cap Series II Direct Plan - Growth,Small Cap,4.68,44.23,12.39,6.01,12.4,8.22,29.88,22.54,23.37,23.55,,2.45,2.81,16.66,-46.9,0.94,-1.66,51.6,73.2,23.68,0.706,0.521,0.5784,1.11,69.5,100.0,18.0288,10-Apr-2023,12-Apr-2018,5.0,76.5,14,72,19.4
150915,Mahindra Manulife Small Cap Fund - Direct Plan - Growth,Small Cap,18.2,19.59,18.59,8.9,25.21,24.41,14.54,19.5,26.64,,,0.86,1.02,18.45,-26.0,0.75,-2.06,113.3,94.7,13.98,1.037,0.558,0.153,1.09,81.5,100.0,23.5104,29-Sep-2026,14-Dec-2022,3.8,76.0,15,72,20.8
119212,DSP Small Cap Fund - Direct Plan - Growth,Small Cap,20.36,17.46,17.79,16.85,21.43,27.1,16.05,18.82,27.22,22.18,20.06,0.78,0.98,17.0,-49.06,0.36,-1.94,86.3,87.7,12.75,0.886,0.479,0.1502,0.91,80.8,92.7,254.866,29-Sep-2026,02-Jan-2013,13.7,75.2,16,72,22.2
129649,Union Small Cap Fund - Direct Plan - Growth Option,Small Cap,22.96,16.68,17.07,17.08,16.56,28.59,16.88,18.82,17.91,17.4,17.6,0.68,0.83,18.94,-44.71,0.37,-2.13,101.3,93.1,11.44,1.007,0.499,0.1282,0.81,76.4,93.6,66.09,29-Sep-2026,17-Jun-2014,12.3,74.9,17,72,23.6
148815,Aditya Birla Sun Life Nifty Smallcap 50 Index Fund-Direct Growth,Small Cap,14.62,17.57,12.53,8.83,16.7,18.92,11.43,17.14,17.07,22.24,,0.69,0.86,20.6,-36.72,0.48,-2.21,138.7,101.0,11.46,1.166,0.566,0.1221,0.87,66.7,100.0,23.5822,29-Sep-2026,06-Apr-2021,5.5,74.6,18,72,25.0
118777,Nippon India Small Cap Fund - Direct Plan Growth Plan - Bonus Option,Small Cap,9.67,14.49,18.34,20.61,23.69,13.41,9.16,16.68,30.84,25.69,24.36,0.61,0.73,16.63,-48.58,0.3,-1.83,95.6,93.1,9.16,0.963,0.593,0.105,0.8,81.8,96.3,204.3582,29-Sep-2026,03-Jan-2013,13.7,73.6,19,72,26.4
118778,Nippon India Small Cap Fund - Direct Plan Growth Plan - Growth Option,Small Cap,9.67,14.49,18.34,20.61,23.69,13.41,9.16,16.68,30.84,25.69,24.36,0.61,0.73,16.63,-48.58,0.3,-1.83,95.6,93.1,9.16,0.963,0.593,0.105,0.8,81.8,96.3,204.3582,29-Sep-2026,02-Jan-2013,13.7,73.6,19,72,26.4
151649,Kotak Nifty Smallcap 50 Index Fund - Direct Plan - Growth,Small Cap,14.24,17.46,17.09,8.21,25.69,18.42,11.25,14.9,19.84,,,0.69,0.85,20.6,-25.01,0.7,-2.2,138.4,101.1,11.36,1.166,0.566,0.1211,0.87,78.9,100.0,22.476,29-Sep-2026,18-Apr-2023,3.4,73.6,19,72,26.4
149894,Axis Nifty Smallcap 50 Index Fund - Direct Plan - Growth Option,Small Cap,14.68,17.37,15.54,7.49,17.24,18.93,11.36,18.18,25.06,,,0.67,0.84,20.43,-27.74,0.63,-2.16,137.4,100.9,11.29,1.162,0.565,0.1207,0.86,81.1,100.0,20.4921,29-Sep-2026,15-Mar-2022,4.5,73.2,22,72,30.6
146196,Edelweiss Small Cap Fund - Direct Plan - Growth,Small Cap,8.72,14.27,16.34,17.94,24.17,10.24,9.1,15.37,28.8,28.77,29.12,0.6,0.74,16.45,-37.09,0.38,-1.8,89.7,91.3,9.18,0.927,0.561,0.1061,0.76,89.6,100.0,51.836,29-Sep-2026,14-Feb-2019,7.6,73.1,23,72,31.9
125354,Axis Small Cap Fund - Direct Plan - Growth,Small Cap,10.66,14.86,15.73,19.08,22.41,14.91,10.84,15.28,22.84,21.25,21.36,0.67,0.85,15.07,-34.64,0.43,-1.68,82.1,88.3,9.96,0.87,0.583,0.1175,0.87,89.0,99.8,133.59,29-Sep-2026,05-Dec-2013,12.8,73.0,24,72,33.3
119589,Sundaram Small Cap Fund Direct Plan - Growth,Small Cap,15.91,15.83,16.15,14.93,17.78,19.16,13.02,17.26,25.03,19.02,17.01,0.69,0.87,16.82,-57.06,0.28,-1.86,94.4,91.8,10.61,0.95,0.563,0.1216,0.88,75.2,88.4,326.9354,29-Sep-2026,02-Jan-2013,13.7,71.7,25,72,34.7
152237,Motilal Oswal Small Cap Fund - Direct - Growth,Small Cap,22.66,19.69,11.39,5.54,21.65,29.97,19.51,19.51,13.84,,,1.02,1.29,17.43,-23.69,0.83,-1.91,95.7,85.9,20.39,0.93,0.518,0.1908,1.51,91.3,,17.2934,29-Sep-2026,29-Dec-2023,2.8,70.7,26,72,36.1
148618,UTI Small Cap Fund - Direct Plan - Growth Option,Small Cap,6.53,13.08,14.78,11.26,20.33,8.91,8.21,13.54,18.92,21.1,,0.51,0.65,16.92,-22.34,0.59,-1.81,91.4,92.7,7.96,0.943,0.549,0.092,0.64,88.0,100.0,29.0512,29-Sep-2026,23-Dec-2020,5.8,70.5,27,72,37.5
139527,BANK OF INDIA MID & SMALL CAP EQUITY & DEBT FUND - DIRECT PLAN GROWTH,Small Cap,15.55,16.07,14.78,15.93,16.33,17.42,12.33,16.09,18.53,17.74,19.32,0.76,0.9,15.06,-36.64,0.44,-1.62,75.3,84.4,11.34,0.844,0.555,0.1359,0.94,73.7,95.2,47.19,29-Sep-2026,27-Jul-2016,10.2,70.5,27,72,37.5
148519,Nippon India Nifty Smallcap 250 Index Fund - Direct Plan - Growth Option,Small Cap,6.66,12.77,13.56,13.37,23.51,10.93,6.74,13.69,20.91,23.03,,0.46,0.55,19.24,-26.95,0.47,-2.12,113.7,98.7,7.14,1.077,0.553,0.0821,0.58,70.2,100.0,35.2115,29-Sep-2026,19-Oct-2020,5.9,70.2,29,72,40.3
142533,Sundaram Emerging Small Cap Series I Direct Plan - Growth,Small Cap,17.03,31.54,11.95,5.81,11.98,11.46,32.12,22.9,22.99,21.71,,1.43,1.37,19.87,-49.08,0.64,-1.86,45.0,79.9,16.77,0.698,0.595,0.4062,0.65,65.6,100.0,17.548,09-Mar-2023,12-Mar-2018,5.0,69.4,30,72,41.7
149283,ICICI Prudential Nifty Smallcap 250 Index Fund - Direct Plan - Growth,Small Cap,6.57,12.94,12.75,6.18,13.01,10.82,6.84,13.82,19.06,20.35,,0.47,0.56,19.24,-26.89,0.48,-2.12,113.6,98.6,7.31,1.077,0.553,0.0838,0.59,69.6,100.0,18.2288,29-Sep-2026,03-Nov-2021,4.9,68.1,31,72,43.1
119556,Aditya Birla Sun Life Small Cap Fund - Growth - Direct Plan,Small Cap,19.87,14.97,13.55,13.23,16.82,23.75,13.43,16.2,21.8,17.47,15.48,0.62,0.77,17.29,-57.41,0.26,-1.88,92.4,91.7,9.76,0.962,0.547,0.1116,0.78,73.3,89.6,113.27,29-Sep-2026,07-Jan-2013,13.7,68.0,32,72,44.4
149019,PGIM India Small Cap Fund - Direct Plan- Growth Option,Small Cap,14.92,15.5,12.99,6.93,13.87,22.24,14.1,14.85,13.57,15.67,,0.7,0.9,15.67,-24.59,0.63,-1.64,77.2,85.6,10.91,0.84,0.507,0.1307,0.83,88.0,100.0,19.8,29-Sep-2026,02-Aug-2021,5.2,67.3,33,72,45.8
146130,CANARA ROBECO SMALL CAP FUND - DIRECT PLAN - GROWTH OPTION,Small Cap,5.6,11.52,14.16,16.09,21.66,7.53,6.43,12.14,28.54,28.41,28.7,0.42,0.52,16.51,-36.18,0.32,-1.82,88.7,92.9,6.25,0.957,0.593,0.0727,0.55,85.5,100.0,44.49,29-Sep-2026,19-Feb-2019,7.6,66.8,34,72,47.2
145206,Tata Small Cap Fund-Direct Plan-Growth,Small Cap,0.66,11.62,15.27,16.16,20.94,13.91,6.2,13.28,26.05,28.48,28.48,0.41,0.52,17.74,-36.61,0.32,-1.91,80.2,89.6,6.9,0.914,0.469,0.08,0.47,80.2,100.0,44.7854,29-Sep-2026,13-Nov-2018,7.9,66.4,35,72,48.6
118525,Franklin India Small Cap Fund - Direct - Growth,Small Cap,5.94,11.68,15.22,14.74,19.45,7.4,5.02,13.64,25.07,20.76,18.73,0.43,0.54,16.46,-49.92,0.23,-1.81,90.0,93.2,6.55,0.937,0.573,0.076,0.55,77.0,92.0,197.811,29-Sep-2026,01-Jan-2013,13.7,65.9,36,72,50.0
152004,LIC MF Small Cap Fund-Direct Plan-Growth,Small Cap,17.91,17.66,11.54,5.61,18.83,28.12,14.23,14.93,13.26,,,0.72,0.88,19.44,-27.01,0.65,-2.14,110.3,94.9,12.63,0.993,0.46,0.1416,0.83,69.0,,39.7034,29-Sep-2026,31-Jul-2023,3.2,65.8,37,72,51.4
120164,Kotak-Small Cap Fund - Growth - Direct,Small Cap,7.92,12.03,12.46,16.96,18.7,13.78,7.6,12.23,24.66,21.5,20.87,0.47,0.58,15.52,-40.61,0.3,-1.69,78.8,89.0,7.24,0.867,0.552,0.0843,0.58,78.6,96.4,321.667,29-Sep-2026,02-Jan-2013,13.7,65.1,38,72,52.8
152939,TRUSTMF SMALL CAP FUND -DIRECT PLAN-GROWTH,Small Cap,32.12,11.17,6.56,3.23,18.22,38.35,28.76,28.76,19.51,,,0.77,0.97,18.71,-24.02,0.47,-2.27,114.5,90.1,23.11,0.985,0.484,0.1464,1.55,95.7,,13.82,29-Sep-2026,05-Nov-2024,1.9,65.0,39,72,54.2
151130,HSBC Small Cap Fund - Direct Growth,Small Cap,13.79,13.84,14.12,6.82,18.78,21.73,10.35,14.3,19.14,,,0.53,0.66,18.53,-27.16,0.51,-2.19,103.6,95.6,8.46,1.019,0.534,0.0963,0.65,70.3,100.0,100.2256,29-Sep-2026,28-Nov-2022,3.8,64.2,40,72,55.6
150677,SBI Nifty Smallcap 250 Index Fund - Direct Plan - Growth,Small Cap,6.54,12.96,14.0,6.77,17.95,10.82,6.85,12.61,21.92,,,0.46,0.55,19.15,-26.19,0.49,-2.12,113.9,98.6,7.32,1.078,0.553,0.084,0.59,72.9,100.0,19.3654,29-Sep-2026,11-Oct-2022,4.0,63.9,41,72,56.9
150892,Edelweiss Nifty Smallcap 250 Index Fund - Direct Plan - Growth,Small Cap,6.98,13.35,12.92,6.26,17.22,11.45,7.24,12.4,21.65,,,0.49,0.58,19.22,-26.12,0.51,-2.13,114.0,98.4,7.71,1.076,0.553,0.0878,0.62,71.6,100.0,18.5438,29-Sep-2026,02-Dec-2022,3.8,63.7,42,72,58.3
120591,ICICI Prudential Smallcap Fund - Direct Plan - Growth,Small Cap,6.06,11.33,13.96,15.94,16.68,11.1,7.44,12.92,20.64,18.26,17.9,0.44,0.56,14.44,-45.12,0.25,-1.58,73.6,87.5,6.56,0.842,0.601,0.0759,0.56,79.8,94.5,103.09,29-Sep-2026,03-Jan-2013,13.7,63.5,43,72,59.7
125497,SBI Small Cap Fund - Direct Plan - Growth,Small Cap,7.33,11.1,13.56,18.1,23.99,12.54,7.28,12.03,25.55,22.22,21.4,0.42,0.52,14.35,-40.26,0.28,-1.61,63.0,82.5,6.73,0.787,0.525,0.0781,0.49,83.7,99.8,208.0448,29-Sep-2026,18-Nov-2013,12.9,63.3,44,72,61.1
151727,HDFC NIFTY Smallcap 250 Index Fund - Growth Option - Direct Plan,Small Cap,6.58,12.95,14.15,6.84,21.2,10.85,6.87,10.23,15.6,,,0.47,0.56,19.24,-26.19,0.49,-2.12,113.6,98.6,7.32,1.076,0.553,0.084,0.59,67.2,100.0,19.353,29-Sep-2026,21-Apr-2023,3.4,62.2,45,72,62.5
130503,HDFC Small Cap Fund - Growth Option - Direct Plan,Small Cap,-1.58,9.61,14.1,17.04,17.66,0.22,3.95,12.37,20.91,20.3,19.28,0.3,0.38,16.16,-48.26,0.2,-1.76,78.4,90.6,4.76,0.894,0.541,0.0547,0.36,77.7,94.6,155.945,29-Sep-2026,30-Jun-2014,12.2,61.6,46,72,63.9
153196,Mirae Asset Small Cap Fund - Direct Plan - Growth,Small Cap,11.02,8.02,4.74,2.34,15.05,14.19,15.03,15.03,12.37,,,0.67,0.94,15.73,-15.11,0.53,-1.6,104.8,90.9,17.05,0.973,0.665,0.108,1.73,100.0,,12.699,29-Sep-2026,03-Feb-2025,1.7,58.9,47,72,65.3
154063,Groww Small Cap Fund-Direct-Growth,Small Cap,29.2,8.91,5.26,2.59,47.92,,,,,,,2.53,3.57,17.54,-9.87,0.9,-1.72,116.6,72.0,69.31,0.87,0.574,0.5101,4.69,,,12.9522,29-Sep-2026,02-Feb-2026,0.7,58.8,48,72,66.7
154215,Abakkus Small Cap Fund - Direct Plan - Growth,Small Cap,23.72,7.35,4.35,2.15,49.6,,,,,,,3.46,5.07,13.26,-4.28,1.72,-1.23,86.2,58.7,53.69,0.683,0.534,0.6719,4.29,,,12.352,29-Sep-2026,20-Mar-2026,0.5,56.4,49,72,68.1
132985,Sundaram Select Small Cap Series II Direct Growth,Small Cap,-0.01,13.41,8.11,3.98,10.75,-2.74,11.42,10.97,14.88,,,0.59,0.77,14.23,-25.34,0.53,-1.44,89.6,96.1,1.66,0.936,0.616,0.09,0.09,85.1,100.0,14.8054,21-Sep-2018,26-Nov-2014,3.8,54.4,50,72,69.4
152107,QUANTUM SMALL CAP FUND - DIRECT PLAN GROWTH OPTION,Small Cap,9.46,11.55,6.78,3.33,11.95,11.04,9.59,9.59,8.59,,,0.49,0.66,14.47,-18.21,0.63,-1.56,66.0,83.7,7.18,0.806,0.555,0.0878,0.55,97.0,,13.88,29-Sep-2026,03-Nov-2023,2.9,52.8,51,72,70.8
154269,The Wealth Company Small Cap Fund- Direct-Growth,Small Cap,18.32,5.77,3.42,1.7,39.91,,,,,,,2.67,3.55,13.16,-5.32,1.08,-1.26,76.3,61.3,36.17,0.719,0.492,0.4881,2.92,,,11.6776,29-Sep-2026,30-Mar-2026,0.5,52.2,52,72,72.2
153612,BAJAJ FINSERV SMALL CAP FUND - DIRECT - GROWTH,Small Cap,19.09,4.81,2.86,1.42,12.79,25.0,21.91,21.91,,,,0.5,0.69,16.06,-16.22,0.3,-1.62,99.6,87.1,21.11,0.972,0.593,0.0828,1.88,100.0,,11.266,29-Sep-2026,28-Jul-2025,1.2,51.6,53,72,73.6
134297,Sundaram Select Small Cap Series III Direct Growth,Small Cap,11.74,7.22,9.78,4.78,9.82,16.67,7.5,9.87,11.9,10.78,,0.14,0.21,13.79,-24.01,0.3,-1.44,63.4,85.3,8.62,0.42,0.301,0.0463,0.55,72.7,100.0,16.1317,31-Mar-2020,08-Apr-2015,5.0,51.0,54,72,75.0
152128,Baroda BNP Paribas Small Cap Fund - Direct Plan - Growth option,Small Cap,9.58,12.75,7.47,3.67,13.17,11.8,7.51,7.51,5.26,,,0.51,0.59,17.14,-25.0,0.51,-1.86,80.7,89.6,7.1,0.921,0.514,0.0954,0.52,66.0,,14.3585,29-Sep-2026,01-Nov-2023,2.9,50.7,55,72,76.4
153272,UTI Nifty Midsmallcap 400 Momentum Quality 100 Index Fund - Direct Plan - Growth Option,Small Cap,5.93,5.42,3.22,1.6,10.34,5.05,5.79,5.79,,,,0.33,0.48,18.14,-17.37,0.31,-2.01,135.6,100.9,11.26,1.113,0.659,0.0544,1.01,87.5,,11.3916,29-Sep-2026,18-Feb-2025,1.6,50.5,56,72,77.8
153223,Kotak Nifty SmallCap 250 Index Fund- Direct - Growth,Small Cap,6.58,4.5,2.67,1.33,8.27,10.79,9.38,9.38,5.4,,,0.21,0.29,18.42,-20.93,0.22,-1.98,120.4,98.7,10.08,1.089,0.607,0.036,0.83,85.7,,11.533,29-Sep-2026,30-Jan-2025,1.7,49.4,57,72,79.2
152614,JM Small Cap Fund (Direct) - Growth Option,Small Cap,17.32,5.77,3.43,1.7,7.72,27.23,13.43,13.43,3.95,,,0.18,0.24,20.85,-24.36,0.24,-2.2,123.5,99.2,10.33,1.127,0.493,0.0338,0.66,57.6,,11.8224,29-Sep-2026,24-Jun-2024,2.3,48.7,58,72,80.6
141561,Sundaram Select Small Cap Series VI Direct Plan - Growth,Small Cap,56.2,15.11,7.7,3.78,9.72,53.14,25.17,18.37,8.06,,,0.56,0.58,21.09,-40.48,0.37,-1.79,62.8,92.4,3.9,0.855,0.781,0.1372,0.16,51.3,70.4,14.4952,19-Jul-2021,20-Jul-2017,4.0,48.7,58,72,80.6
152264,BANDHAN Nifty Smallcap 250 Index Fund - Direct Plan - Growth,Small Cap,6.64,8.71,5.14,2.54,9.51,10.85,5.83,5.83,1.72,,,0.27,0.33,19.33,-26.12,0.33,-2.12,113.1,98.6,7.34,1.074,0.553,0.0503,0.57,53.3,,12.8809,29-Sep-2026,26-Dec-2023,2.8,47.1,60,72,83.3
153912,Helios Small Cap Fund - Direct Plan - Growth Option,Small Cap,13.75,4.39,2.61,1.3,16.68,,,,,,,0.7,1.02,17.79,-16.9,0.26,-1.93,121.3,86.1,38.93,0.989,0.615,0.1256,3.0,,,11.42,29-Sep-2026,28-Nov-2025,0.8,44.7,61,72,84.7
134373,Sundaram Select Small Cap Series IV - Direct Growth,Small Cap,4.95,4.76,8.67,4.24,8.69,4.06,3.35,7.39,11.94,10.67,,-0.04,-0.07,13.8,-24.05,0.2,-1.47,55.4,86.0,4.65,0.407,0.319,-0.0149,0.18,73.7,100.0,15.1651,17-Apr-2020,22-Apr-2015,5.0,44.6,62,72,86.1
141499,Sundaram Select Small Cap Series V Direct Plan - Growth,Small Cap,52.54,12.74,7.16,3.52,9.07,49.52,22.2,16.21,6.6,,,0.44,0.46,21.17,-40.39,0.32,-1.81,62.4,93.4,1.13,0.856,0.777,0.1078,-0.11,51.0,71.7,14.1554,23-Jun-2021,30-Jun-2017,4.0,43.7,63,72,87.5
154306,Zerodha Nifty MidSmallcap400 50:50 Index Fund - Direct Plan - Growth Option,Small Cap,8.22,2.67,1.59,0.79,,,,,,,,0.97,1.38,13.68,-5.55,0.48,-1.33,102.6,78.8,29.79,0.939,0.616,0.1418,3.13,,,10.9228,29-Sep-2026,13-Apr-2026,0.5,43.4,64,72,88.9
154018,DSP Nifty Smallcap 250 Index Fund - Direct - Growth,Small Cap,9.17,2.97,1.77,0.88,11.6,,,,,,,0.4,0.57,18.24,-15.5,0.19,-1.94,133.0,92.0,33.29,1.06,0.695,0.0684,2.75,,,10.9105,29-Sep-2026,11-Dec-2025,0.8,42.9,65,72,90.3
152431,Groww Nifty Smallcap 250 Index Fund - Direct Plan - Growth,Small Cap,6.85,5.66,3.36,1.67,6.62,11.2,5.54,5.54,0.87,,,0.12,0.15,19.75,-26.23,0.22,-2.13,113.9,99.5,6.12,1.092,0.559,0.0224,0.47,51.8,,11.8678,29-Sep-2026,01-Mar-2024,2.6,42.4,66,72,91.7
154383,Groww Nifty Smallcap 250 Momentum Quality 100 Index Fund Direct Growth,Small Cap,2.83,0.94,0.56,0.28,,,,,,,,0.38,0.5,13.32,-3.8,0.25,-1.31,111.3,77.4,30.44,0.843,0.428,0.0599,2.89,,,10.3853,29-Sep-2026,19-Jun-2026,0.3,39.3,67,72,93.1
153790,JioBlackRock Nifty Smallcap 250 Index Fund - Direct Plan - Growth Option,Small Cap,6.74,1.41,0.84,0.42,3.88,11.02,9.95,9.95,,,,-0.06,-0.09,16.82,-18.74,0.08,-1.92,110.6,95.2,13.56,1.06,0.665,-0.0098,1.26,,,10.529,29-Sep-2026,22-Aug-2025,1.1,39.2,68,72,94.4
154027,Navi Nifty midsmallcap 400 Index Fund- Direct - Growth,Small Cap,3.48,1.15,0.69,0.34,4.36,,,,,,,-0.03,-0.04,17.22,-14.25,0.08,-1.91,122.3,94.4,23.07,1.052,0.766,-0.0047,2.4,,,10.3329,29-Sep-2026,10-Dec-2025,0.8,38.2,69,72,95.8
152459,Mirae Asset Nifty Smallcap 250 Momentum Quality 100 ETF Fund of Fund - Direct Plan - Growth,Small Cap,6.97,1.65,0.98,0.49,1.92,13.55,2.88,2.88,-5.23,,,-0.12,-0.15,20.28,-30.91,0.05,-2.26,109.1,101.0,1.59,1.069,0.509,-0.0224,0.12,25.6,,10.588,29-Sep-2026,04-Mar-2024,2.6,31.9,70,72,97.2
152645,Mirae Asset Nifty MidSmallcap400 Momentum Quality 100 ETF Fund of Fund - Direct Plan - Growth,Small Cap,5.84,0.75,0.45,0.22,0.97,5.2,1.36,1.36,-0.87,,,-0.18,-0.24,19.64,-26.0,0.03,-2.16,117.7,103.0,0.62,1.096,0.595,-0.0322,0.07,44.3,,10.084,29-Sep-2026,31-May-2024,2.3,31.4,71,72,98.6
152243,DSP Nifty Smallcap250 Quality 50 Index Fund - Direct - Growth,Small Cap,-5.3,2.4,1.43,0.71,2.61,-4.2,-3.21,-3.21,-3.03,,,-0.09,-0.12,19.53,-30.71,0.08,-2.14,100.8,99.8,0.48,1.056,0.53,-0.0173,0.05,31.5,,10.748,29-Sep-2026,26-Dec-2023,2.8,30.4,72,72,100.0
